"population","year","sex","prespawn"
"IMN",1991,"F","PreSpawn"
"IMN",1991,"F","Spawned"
"IMN",1991,"F","Spawned"
"IMN",1991,"F","Spawned"
"IMN",1991,"F","Spawned"
"IMN",1991,"F","Spawned"
"IMN",1991,"F","Spawned"
"IMN",1992,"F","Spawned"
"IMN",1992,"F","Spawned"
"IMN",1992,"F","Spawned"
"IMN",1992,"F","Spawned"
"IMN",1992,"F","Spawned"
"IMN",1992,"F","Spawned"
"IMN",1992,"F","Spawned"
"IMN",1992,"F","Spawned"
"IMN",1992,"F","Spawned"
"IMN",1992,"F","Spawned"
"IMN",1992,"F","Spawned"
"IMN",1992,"F","PreSpawn"
"IMN",1992,"F","Spawned"
"IMN",1992,"F","Spawned"
"IMN",1992,"F","Spawned"
"IMN",1992,"F","Spawned"
"IMN",1992,"F","Spawned"
"IMN",1992,"F","Spawned"
"IMN",1992,"F","Spawned"
"IMN",1992,"F","Spawned"
"IMN",1992,"F","Spawned"
"IMN",1992,"F","Spawned"
"IMN",1992,"F","Spawned"
"IMN",1992,"F","Spawned"
"IMN",1993,"F","Spawned"
"IMN",1993,"F","PreSpawn"
"IMN",1993,"F","Spawned"
"IMN",1993,"F","Spawned"
"IMN",1993,"F","Spawned"
"IMN",1993,"F","Spawned"
"IMN",1993,"F","Spawned"
"IMN",1993,"F","Spawned"
"IMN",1993,"F","Spawned"
"IMN",1993,"F","PreSpawn"
"IMN",1993,"F","Spawned"
"IMN",1993,"F","Spawned"
"IMN",1993,"F","Spawned"
"IMN",1993,"F","Spawned"
"IMN",1993,"F","Spawned"
"IMN",1993,"F","Spawned"
"IMN",1993,"F","Spawned"
"IMN",1993,"F","Spawned"
"IMN",1993,"F","Spawned"
"IMN",1993,"F","PreSpawn"
"IMN",1993,"F","Spawned"
"IMN",1993,"F","Spawned"
"IMN",1993,"F","Spawned"
"IMN",1993,"F","Spawned"
"IMN",1993,"F","Spawned"
"IMN",1993,"F","Spawned"
"IMN",1993,"F","Spawned"
"IMN",1993,"F","Spawned"
"IMN",1993,"F","Spawned"
"IMN",1993,"F","Spawned"
"IMN",1993,"F","Spawned"
"IMN",1993,"F","Spawned"
"IMN",1993,"F","Spawned"
"IMN",1993,"F","Spawned"
"IMN",1993,"F","Spawned"
"IMN",1993,"F","Spawned"
"IMN",1993,"F","Spawned"
"IMN",1993,"F","Spawned"
"IMN",1993,"F","Spawned"
"IMN",1993,"F","Spawned"
"IMN",1993,"F","Spawned"
"IMN",1993,"F","Spawned"
"IMN",1993,"F","Spawned"
"IMN",1993,"F","Spawned"
"IMN",1993,"F","PreSpawn"
"IMN",1993,"F","Spawned"
"IMN",1993,"F","Spawned"
"IMN",1993,"F","Spawned"
"IMN",1993,"F","Spawned"
"IMN",1993,"F","Spawned"
"IMN",1993,"F","Spawned"
"IMN",1993,"F","Spawned"
"IMN",1993,"F","Spawned"
"IMN",1993,"F","Spawned"
"IMN",1993,"F","Spawned"
"IMN",1993,"F","Spawned"
"IMN",1993,"F","Spawned"
"IMN",1993,"F","Spawned"
"IMN",1993,"F","Spawned"
"IMN",1993,"F","Spawned"
"IMN",1993,"F","Spawned"
"IMN",1993,"F","Spawned"
"IMN",1993,"F","Spawned"
"IMN",1994,"F","Spawned"
"IMN",1994,"F","Spawned"
"IMN",1994,"F","Spawned"
"IMN",1994,"F","Spawned"
"IMN",1994,"F","Spawned"
"IMN",1994,"F","Spawned"
"IMN",1994,"F","Spawned"
"IMN",1994,"F","Spawned"
"IMN",1994,"F","Spawned"
"IMN",1994,"F","Spawned"
"IMN",1995,"F","Spawned"
"IMN",1995,"F","Spawned"
"IMN",1995,"F","Spawned"
"IMN",1995,"F","Spawned"
"IMN",1995,"F","Spawned"
"IMN",1996,"F","Spawned"
"IMN",1996,"F","Spawned"
"IMN",1996,"F","Spawned"
"IMN",1996,"F","Spawned"
"IMN",1996,"F","Spawned"
"IMN",1996,"F","Spawned"
"IMN",1996,"F","PreSpawn"
"IMN",1996,"F","Spawned"
"IMN",1996,"F","Spawned"
"IMN",1996,"F","Spawned"
"IMN",1996,"F","Spawned"
"IMN",1997,"F","Spawned"
"IMN",1997,"F","Spawned"
"IMN",1997,"F","Spawned"
"IMN",1997,"F","Spawned"
"IMN",1997,"F","PreSpawn"
"IMN",1997,"F","Spawned"
"IMN",1997,"F","Spawned"
"IMN",1997,"F","Spawned"
"IMN",1997,"F","Spawned"
"IMN",1997,"F","Spawned"
"IMN",1997,"F","Spawned"
"IMN",1997,"F","Spawned"
"IMN",1997,"F","Spawned"
"IMN",1997,"F","Spawned"
"IMN",1997,"F","Spawned"
"IMN",1997,"F","Spawned"
"IMN",1997,"F","Spawned"
"IMN",1997,"F","Spawned"
"IMN",1997,"F","Spawned"
"IMN",1997,"F","Spawned"
"IMN",1997,"F","Spawned"
"IMN",1997,"F","Spawned"
"IMN",1997,"F","Spawned"
"IMN",1997,"F","Spawned"
"IMN",1997,"F","Spawned"
"IMN",1998,"F","Spawned"
"IMN",1998,"F","Spawned"
"IMN",1998,"F","PreSpawn"
"IMN",1998,"F","Spawned"
"IMN",1998,"F","Spawned"
"IMN",1998,"F","Spawned"
"IMN",1998,"F","Spawned"
"IMN",1998,"F","PreSpawn"
"IMN",1998,"F","Spawned"
"IMN",1998,"F","Spawned"
"IMN",1998,"F","Spawned"
"IMN",1999,"F","Spawned"
"IMN",1999,"F","Spawned"
"IMN",1999,"F","Spawned"
"IMN",1999,"F","Spawned"
"IMN",1999,"F","Spawned"
"IMN",1999,"F","Spawned"
"IMN",1999,"F","Spawned"
"IMN",1999,"F","Spawned"
"IMN",1999,"F","Spawned"
"IMN",1999,"F","Spawned"
"IMN",1999,"F","Spawned"
"IMN",1999,"F","Spawned"
"IMN",1999,"F","Spawned"
"IMN",1999,"F","Spawned"
"IMN",1999,"F","Spawned"
"IMN",1999,"F","Spawned"
"IMN",1999,"F","Spawned"
"IMN",1999,"F","Spawned"
"IMN",1999,"F","Spawned"
"IMN",1999,"F","Spawned"
"IMN",1999,"F","Spawned"
"IMN",1999,"F","Spawned"
"IMN",1999,"F","Spawned"
"IMN",1999,"F","Spawned"
"IMN",1999,"F","Spawned"
"IMN",1999,"F","Spawned"
"IMN",1999,"F","Spawned"
"IMN",1999,"F","Spawned"
"IMN",1999,"F","Spawned"
"IMN",1999,"F","Spawned"
"IMN",1999,"F","PreSpawn"
"IMN",2000,"F","Spawned"
"IMN",2000,"F","Spawned"
"IMN",2000,"F","Spawned"
"IMN",2000,"F","Spawned"
"IMN",2000,"F","Spawned"
"IMN",2000,"F","Spawned"
"IMN",2000,"F","Spawned"
"IMN",2000,"F","PreSpawn"
"IMN",2000,"F","Spawned"
"IMN",2000,"F","Spawned"
"IMN",2000,"F","Spawned"
"IMN",2000,"F","Spawned"
"IMN",2000,"F","Spawned"
"IMN",2000,"F","Spawned"
"IMN",2000,"F","Spawned"
"IMN",2000,"F","Spawned"
"IMN",2000,"F","Spawned"
"IMN",2000,"F","Spawned"
"IMN",2000,"F","Spawned"
"IMN",2000,"F","Spawned"
"IMN",2000,"F","Spawned"
"IMN",2000,"F","Spawned"
"IMN",2000,"F","Spawned"
"IMN",2000,"F","Spawned"
"IMN",2000,"F","PreSpawn"
"IMN",2000,"F","Spawned"
"IMN",2000,"F","Spawned"
"IMN",2000,"F","Spawned"
"IMN",2000,"F","Spawned"
"IMN",2000,"F","Spawned"
"IMN",2000,"F","Spawned"
"IMN",2000,"F","Spawned"
"IMN",2000,"F","Spawned"
"IMN",2001,"F","Spawned"
"IMN",2001,"F","Spawned"
"IMN",2001,"F","Spawned"
"IMN",2001,"F","PreSpawn"
"IMN",2001,"F","PreSpawn"
"IMN",2001,"F","PreSpawn"
"IMN",2001,"F","Spawned"
"IMN",2001,"F","Spawned"
"IMN",2001,"F","Spawned"
"IMN",2001,"F","Spawned"
"IMN",2001,"F","Spawned"
"IMN",2001,"F","Spawned"
"IMN",2001,"F","Spawned"
"IMN",2001,"F","Spawned"
"IMN",2001,"F","Spawned"
"IMN",2001,"F","Spawned"
"IMN",2001,"F","Spawned"
"IMN",2001,"F","Spawned"
"IMN",2001,"F","PreSpawn"
"IMN",2001,"F","PreSpawn"
"IMN",2001,"F","Spawned"
"IMN",2001,"F","PreSpawn"
"IMN",2001,"F","PreSpawn"
"IMN",2002,"F","Spawned"
"IMN",2002,"F","Spawned"
"IMN",2002,"F","Spawned"
"IMN",2002,"F","Spawned"
"IMN",2002,"F","Spawned"
"IMN",2002,"F","Spawned"
"IMN",2002,"F","Spawned"
"IMN",2002,"F","Spawned"
"IMN",2002,"F","Spawned"
"IMN",2002,"F","Spawned"
"IMN",2002,"F","Spawned"
"IMN",2002,"F","Spawned"
"IMN",2002,"F","Spawned"
"IMN",2002,"F","PreSpawn"
"IMN",2002,"F","Spawned"
"IMN",2002,"F","Spawned"
"IMN",2002,"F","PreSpawn"
"IMN",2002,"F","Spawned"
"IMN",2002,"F","Spawned"
"IMN",2002,"F","Spawned"
"IMN",2002,"F","PreSpawn"
"IMN",2002,"F","Spawned"
"IMN",2002,"F","Spawned"
"IMN",2002,"F","Spawned"
"IMN",2002,"F","PreSpawn"
"IMN",2002,"F","Spawned"
"IMN",2002,"F","Spawned"
"IMN",2002,"F","PreSpawn"
"IMN",2002,"F","Spawned"
"IMN",2002,"F","Spawned"
"IMN",2002,"F","Spawned"
"IMN",2002,"F","Spawned"
"IMN",2002,"F","Spawned"
"IMN",2002,"F","Spawned"
"IMN",2002,"F","PreSpawn"
"IMN",2002,"F","Spawned"
"IMN",2002,"F","PreSpawn"
"IMN",2002,"F","Spawned"
"IMN",2002,"F","Spawned"
"IMN",2002,"F","Spawned"
"IMN",2002,"F","Spawned"
"IMN",2002,"F","PreSpawn"
"IMN",2002,"F","PreSpawn"
"IMN",2002,"F","Spawned"
"IMN",2002,"F","Spawned"
"IMN",2002,"F","Spawned"
"IMN",2002,"F","Spawned"
"IMN",2002,"F","Spawned"
"IMN",2002,"F","Spawned"
"IMN",2002,"F","Spawned"
"IMN",2002,"F","Spawned"
"IMN",2002,"F","Spawned"
"IMN",2002,"F","Spawned"
"IMN",2002,"F","PreSpawn"
"IMN",2002,"F","PreSpawn"
"IMN",2002,"F","Spawned"
"IMN",2002,"F","Spawned"
"IMN",2002,"F","PreSpawn"
"IMN",2002,"F","Spawned"
"IMN",2002,"F","PreSpawn"
"IMN",2002,"F","Spawned"
"IMN",2002,"F","PreSpawn"
"IMN",2002,"F","Spawned"
"IMN",2002,"F","Spawned"
"IMN",2002,"F","Spawned"
"IMN",2002,"F","PreSpawn"
"IMN",2002,"F","PreSpawn"
"IMN",2002,"F","Spawned"
"IMN",2002,"F","Spawned"
"IMN",2002,"F","Spawned"
"IMN",2002,"F","PreSpawn"
"IMN",2002,"F","PreSpawn"
"IMN",2002,"F","PreSpawn"
"IMN",2002,"F","Spawned"
"IMN",2002,"F","Spawned"
"IMN",2002,"F","PreSpawn"
"IMN",2002,"F","Spawned"
"IMN",2002,"F","PreSpawn"
"IMN",2002,"F","Spawned"
"IMN",2002,"F","PreSpawn"
"IMN",2002,"F","Spawned"
"IMN",2002,"F","PreSpawn"
"IMN",2002,"F","Spawned"
"IMN",2002,"F","Spawned"
"IMN",2002,"F","PreSpawn"
"IMN",2002,"F","Spawned"
"IMN",2002,"F","Spawned"
"IMN",2002,"F","PreSpawn"
"IMN",2002,"F","Spawned"
"IMN",2002,"F","Spawned"
"IMN",2002,"F","PreSpawn"
"IMN",2002,"F","Spawned"
"IMN",2002,"F","Spawned"
"IMN",2002,"F","Spawned"
"IMN",2002,"F","Spawned"
"IMN",2002,"F","PreSpawn"
"IMN",2002,"F","PreSpawn"
"IMN",2002,"F","Spawned"
"IMN",2002,"F","PreSpawn"
"IMN",2002,"F","Spawned"
"IMN",2002,"F","PreSpawn"
"IMN",2002,"F","PreSpawn"
"IMN",2003,"F","Spawned"
"IMN",2003,"F","Spawned"
"IMN",2003,"F","Spawned"
"IMN",2003,"F","Spawned"
"IMN",2003,"F","Spawned"
"IMN",2003,"F","Spawned"
"IMN",2003,"F","Spawned"
"IMN",2003,"F","PreSpawn"
"IMN",2003,"F","Spawned"
"IMN",2003,"F","Spawned"
"IMN",2003,"F","Spawned"
"IMN",2003,"F","Spawned"
"IMN",2003,"F","Spawned"
"IMN",2003,"F","Spawned"
"IMN",2003,"F","Spawned"
"IMN",2003,"F","Spawned"
"IMN",2003,"F","Spawned"
"IMN",2003,"F","Spawned"
"IMN",2003,"F","Spawned"
"IMN",2003,"F","Spawned"
"IMN",2003,"F","Spawned"
"IMN",2003,"F","Spawned"
"IMN",2003,"F","Spawned"
"IMN",2003,"F","Spawned"
"IMN",2003,"F","Spawned"
"IMN",2003,"F","Spawned"
"IMN",2003,"F","Spawned"
"IMN",2003,"F","Spawned"
"IMN",2003,"F","Spawned"
"IMN",2003,"F","Spawned"
"IMN",2003,"F","Spawned"
"IMN",2003,"F","Spawned"
"IMN",2003,"F","Spawned"
"IMN",2003,"F","Spawned"
"IMN",2003,"F","PreSpawn"
"IMN",2003,"F","Spawned"
"IMN",2003,"F","PreSpawn"
"IMN",2003,"F","Spawned"
"IMN",2003,"F","Spawned"
"IMN",2003,"F","PreSpawn"
"IMN",2003,"F","PreSpawn"
"IMN",2003,"F","Spawned"
"IMN",2003,"F","Spawned"
"IMN",2003,"F","PreSpawn"
"IMN",2003,"F","PreSpawn"
"IMN",2003,"F","Spawned"
"IMN",2003,"F","PreSpawn"
"IMN",2003,"F","Spawned"
"IMN",2003,"F","Spawned"
"IMN",2003,"F","Spawned"
"IMN",2003,"F","Spawned"
"IMN",2003,"F","Spawned"
"IMN",2003,"F","PreSpawn"
"IMN",2003,"F","Spawned"
"IMN",2003,"F","PreSpawn"
"IMN",2004,"F","Spawned"
"IMN",2004,"F","Spawned"
"IMN",2004,"F","PreSpawn"
"IMN",2004,"F","PreSpawn"
"IMN",2004,"F","Spawned"
"IMN",2004,"F","Spawned"
"IMN",2004,"F","Spawned"
"IMN",2004,"F","Spawned"
"IMN",2004,"F","Spawned"
"IMN",2004,"F","Spawned"
"IMN",2004,"F","Spawned"
"IMN",2004,"F","PreSpawn"
"IMN",2004,"F","Spawned"
"IMN",2004,"F","Spawned"
"IMN",2004,"F","Spawned"
"IMN",2004,"F","Spawned"
"IMN",2004,"F","Spawned"
"IMN",2004,"F","Spawned"
"IMN",2004,"F","PreSpawn"
"IMN",2004,"F","Spawned"
"IMN",2004,"F","Spawned"
"IMN",2004,"F","Spawned"
"IMN",2004,"F","Spawned"
"IMN",2004,"F","Spawned"
"IMN",2004,"F","Spawned"
"IMN",2004,"F","Spawned"
"IMN",2004,"F","Spawned"
"IMN",2004,"F","Spawned"
"IMN",2004,"F","Spawned"
"IMN",2004,"F","Spawned"
"IMN",2004,"F","Spawned"
"IMN",2004,"F","Spawned"
"IMN",2004,"F","Spawned"
"IMN",2004,"F","Spawned"
"IMN",2004,"F","Spawned"
"IMN",2004,"F","Spawned"
"IMN",2004,"F","Spawned"
"IMN",2004,"F","Spawned"
"IMN",2004,"F","Spawned"
"IMN",2004,"F","Spawned"
"IMN",2004,"F","Spawned"
"IMN",2004,"F","Spawned"
"IMN",2004,"F","Spawned"
"IMN",2004,"F","Spawned"
"IMN",2004,"F","Spawned"
"IMN",2004,"F","Spawned"
"IMN",2004,"F","Spawned"
"IMN",2004,"F","Spawned"
"IMN",2004,"F","Spawned"
"IMN",2004,"F","Spawned"
"IMN",2004,"F","Spawned"
"IMN",2004,"F","Spawned"
"IMN",2004,"F","Spawned"
"IMN",2004,"F","Spawned"
"IMN",2004,"F","Spawned"
"IMN",2004,"F","Spawned"
"IMN",2004,"F","PreSpawn"
"IMN",2004,"F","Spawned"
"IMN",2004,"F","Spawned"
"IMN",2004,"F","PreSpawn"
"IMN",2004,"F","Spawned"
"IMN",2004,"F","Spawned"
"IMN",2004,"F","Spawned"
"IMN",2004,"F","Spawned"
"IMN",2004,"F","Spawned"
"IMN",2004,"F","Spawned"
"IMN",2004,"F","Spawned"
"IMN",2004,"F","Spawned"
"IMN",2004,"F","Spawned"
"IMN",2004,"F","Spawned"
"IMN",2004,"F","Spawned"
"IMN",2004,"F","PreSpawn"
"IMN",2004,"F","Spawned"
"IMN",2004,"F","Spawned"
"IMN",2004,"F","Spawned"
"IMN",2004,"F","Spawned"
"IMN",2004,"F","Spawned"
"IMN",2004,"F","Spawned"
"IMN",2004,"F","Spawned"
"IMN",2004,"F","Spawned"
"IMN",2004,"F","Spawned"
"IMN",2004,"F","Spawned"
"IMN",2004,"F","Spawned"
"IMN",2004,"F","Spawned"
"IMN",2004,"F","Spawned"
"IMN",2004,"F","Spawned"
"IMN",2004,"F","Spawned"
"IMN",2004,"F","Spawned"
"IMN",2004,"F","Spawned"
"IMN",2004,"F","Spawned"
"IMN",2005,"F","Spawned"
"IMN",2005,"F","PreSpawn"
"IMN",2005,"F","Spawned"
"IMN",2005,"F","Spawned"
"IMN",2005,"F","Spawned"
"IMN",2005,"F","Spawned"
"IMN",2005,"F","Spawned"
"IMN",2005,"F","Spawned"
"IMN",2005,"F","Spawned"
"IMN",2005,"F","Spawned"
"IMN",2005,"F","Spawned"
"IMN",2005,"F","PreSpawn"
"IMN",2005,"F","Spawned"
"IMN",2005,"F","PreSpawn"
"IMN",2005,"F","Spawned"
"IMN",2005,"F","Spawned"
"IMN",2005,"F","Spawned"
"IMN",2005,"F","Spawned"
"IMN",2005,"F","Spawned"
"IMN",2005,"F","Spawned"
"IMN",2005,"F","Spawned"
"IMN",2005,"F","Spawned"
"IMN",2005,"F","Spawned"
"IMN",2005,"F","Spawned"
"IMN",2005,"F","Spawned"
"IMN",2005,"F","Spawned"
"IMN",2005,"F","Spawned"
"IMN",2005,"F","Spawned"
"IMN",2005,"F","Spawned"
"IMN",2005,"F","Spawned"
"IMN",2005,"F","Spawned"
"IMN",2005,"F","Spawned"
"IMN",2005,"F","Spawned"
"IMN",2005,"F","Spawned"
"IMN",2005,"F","PreSpawn"
"IMN",2005,"F","Spawned"
"IMN",2005,"F","PreSpawn"
"IMN",2005,"F","Spawned"
"IMN",2005,"F","Spawned"
"IMN",2005,"F","Spawned"
"IMN",2005,"F","Spawned"
"IMN",2005,"F","Spawned"
"IMN",2005,"F","Spawned"
"IMN",2005,"F","Spawned"
"IMN",2005,"F","Spawned"
"IMN",2006,"F","PreSpawn"
"IMN",2006,"F","Spawned"
"IMN",2006,"F","Spawned"
"IMN",2006,"F","Spawned"
"IMN",2006,"F","Spawned"
"IMN",2006,"F","Spawned"
"IMN",2006,"F","Spawned"
"IMN",2006,"F","Spawned"
"IMN",2006,"F","Spawned"
"IMN",2006,"F","Spawned"
"IMN",2006,"F","Spawned"
"IMN",2006,"F","Spawned"
"IMN",2006,"F","Spawned"
"IMN",2006,"F","Spawned"
"IMN",2006,"F","Spawned"
"IMN",2006,"F","Spawned"
"IMN",2006,"F","Spawned"
"IMN",2006,"F","Spawned"
"IMN",2006,"F","Spawned"
"IMN",2006,"F","PreSpawn"
"IMN",2006,"F","PreSpawn"
"IMN",2006,"F","PreSpawn"
"IMN",2007,"F","Spawned"
"IMN",2007,"F","Spawned"
"IMN",2007,"F","Spawned"
"IMN",2007,"F","Spawned"
"IMN",2007,"F","Spawned"
"IMN",2007,"F","Spawned"
"IMN",2007,"F","Spawned"
"IMN",2007,"F","Spawned"
"IMN",2007,"F","Spawned"
"IMN",2007,"F","Spawned"
"IMN",2007,"F","Spawned"
"IMN",2007,"F","Spawned"
"IMN",2007,"F","Spawned"
"IMN",2007,"F","Spawned"
"IMN",2007,"F","Spawned"
"IMN",2007,"F","Spawned"
"IMN",2007,"F","Spawned"
"IMN",2007,"F","PreSpawn"
"IMN",2007,"F","PreSpawn"
"IMN",2007,"F","PreSpawn"
"IMN",2007,"F","PreSpawn"
"IMN",2007,"F","PreSpawn"
"IMN",2008,"F","Spawned"
"IMN",2008,"F","PreSpawn"
"IMN",2008,"F","PreSpawn"
"IMN",2008,"F","PreSpawn"
"IMN",2008,"F","Spawned"
"IMN",2008,"F","PreSpawn"
"IMN",2008,"F","Spawned"
"IMN",2008,"F","PreSpawn"
"IMN",2008,"F","PreSpawn"
"IMN",2008,"F","Spawned"
"IMN",2008,"F","Spawned"
"IMN",2008,"F","Spawned"
"IMN",2008,"F","Spawned"
"IMN",2008,"F","PreSpawn"
"IMN",2008,"F","Spawned"
"IMN",2008,"F","Spawned"
"IMN",2008,"F","Spawned"
"IMN",2008,"F","PreSpawn"
"IMN",2008,"F","PreSpawn"
"IMN",2008,"F","Spawned"
"IMN",2008,"F","Spawned"
"IMN",2008,"F","Spawned"
"IMN",2008,"F","Spawned"
"IMN",2008,"F","Spawned"
"IMN",2008,"F","PreSpawn"
"IMN",2008,"F","Spawned"
"IMN",2008,"F","PreSpawn"
"IMN",2008,"F","Spawned"
"IMN",2008,"F","Spawned"
"IMN",2008,"F","Spawned"
"IMN",2008,"F","Spawned"
"IMN",2008,"F","PreSpawn"
"IMN",2008,"F","Spawned"
"IMN",2008,"F","Spawned"
"IMN",2008,"F","Spawned"
"IMN",2008,"F","Spawned"
"IMN",2008,"F","PreSpawn"
"IMN",2008,"F","PreSpawn"
"IMN",2008,"F","PreSpawn"
"IMN",2008,"F","Spawned"
"IMN",2008,"F","Spawned"
"IMN",2008,"F","PreSpawn"
"IMN",2008,"F","Spawned"
"IMN",2008,"F","Spawned"
"IMN",2008,"F","PreSpawn"
"IMN",2008,"F","PreSpawn"
"IMN",2008,"F","PreSpawn"
"IMN",2008,"F","Spawned"
"IMN",2008,"F","PreSpawn"
"IMN",2008,"F","Spawned"
"IMN",2008,"F","Spawned"
"IMN",2008,"F","Spawned"
"IMN",2008,"F","Spawned"
"IMN",2008,"F","Spawned"
"IMN",2008,"F","Spawned"
"IMN",2009,"F","Spawned"
"IMN",2009,"F","Spawned"
"IMN",2009,"F","Spawned"
"IMN",2009,"F","Spawned"
"IMN",2009,"F","Spawned"
"IMN",2009,"F","PreSpawn"
"IMN",2009,"F","Spawned"
"IMN",2009,"F","PreSpawn"
"IMN",2009,"F","Spawned"
"IMN",2009,"F","Spawned"
"IMN",2009,"F","Spawned"
"IMN",2009,"F","Spawned"
"IMN",2009,"F","PreSpawn"
"IMN",2009,"F","Spawned"
"IMN",2009,"F","Spawned"
"IMN",2009,"F","Spawned"
"IMN",2009,"F","PreSpawn"
"IMN",2009,"F","Spawned"
"IMN",2009,"F","Spawned"
"IMN",2009,"F","Spawned"
"IMN",2009,"F","Spawned"
"IMN",2009,"F","Spawned"
"IMN",2009,"F","Spawned"
"IMN",2009,"F","PreSpawn"
"IMN",2009,"F","Spawned"
"IMN",2009,"F","Spawned"
"IMN",2009,"F","Spawned"
"IMN",2009,"F","Spawned"
"IMN",2009,"F","Spawned"
"IMN",2009,"F","Spawned"
"IMN",2009,"F","Spawned"
"IMN",2009,"F","Spawned"
"IMN",2009,"F","Spawned"
"IMN",2009,"F","Spawned"
"IMN",2009,"F","Spawned"
"IMN",2009,"F","Spawned"
"IMN",2009,"F","Spawned"
"IMN",2009,"F","Spawned"
"IMN",2009,"F","Spawned"
"IMN",2009,"F","Spawned"
"IMN",2009,"F","Spawned"
"IMN",2009,"F","Spawned"
"IMN",2009,"F","Spawned"
"IMN",2009,"F","Spawned"
"IMN",2009,"F","Spawned"
"IMN",2009,"F","Spawned"
"IMN",2009,"F","Spawned"
"IMN",2009,"F","Spawned"
"IMN",2009,"F","Spawned"
"IMN",2009,"F","Spawned"
"IMN",2009,"F","Spawned"
"IMN",2009,"F","Spawned"
"IMN",2009,"F","Spawned"
"IMN",2009,"F","Spawned"
"IMN",2009,"F","Spawned"
"IMN",2009,"F","Spawned"
"IMN",2009,"F","Spawned"
"IMN",2009,"F","Spawned"
"IMN",2009,"F","PreSpawn"
"IMN",2009,"F","PreSpawn"
"IMN",2009,"F","Spawned"
"IMN",2009,"F","Spawned"
"IMN",2009,"F","Spawned"
"IMN",2009,"F","PreSpawn"
"IMN",2009,"F","Spawned"
"IMN",2009,"F","Spawned"
"IMN",2009,"F","Spawned"
"IMN",2009,"F","Spawned"
"IMN",2009,"F","PreSpawn"
"IMN",2009,"F","Spawned"
"IMN",2009,"F","Spawned"
"IMN",2009,"F","Spawned"
"IMN",2009,"F","Spawned"
"IMN",2009,"F","Spawned"
"IMN",2009,"F","Spawned"
"IMN",2009,"F","Spawned"
"IMN",2009,"F","Spawned"
"IMN",2009,"F","Spawned"
"IMN",2009,"F","PreSpawn"
"IMN",2009,"F","PreSpawn"
"IMN",2009,"F","Spawned"
"IMN",2009,"F","Spawned"
"IMN",2009,"F","Spawned"
"IMN",2009,"F","Spawned"
"IMN",2009,"F","Spawned"
"IMN",2009,"F","Spawned"
"IMN",2009,"F","Spawned"
"IMN",2009,"F","PreSpawn"
"IMN",2009,"F","Spawned"
"IMN",2009,"F","Spawned"
"IMN",2009,"F","Spawned"
"IMN",2009,"F","Spawned"
"IMN",2009,"F","Spawned"
"IMN",2009,"F","Spawned"
"IMN",2009,"F","Spawned"
"IMN",2009,"F","Spawned"
"IMN",2009,"F","Spawned"
"IMN",2009,"F","Spawned"
"IMN",2009,"F","Spawned"
"IMN",2009,"F","Spawned"
"IMN",2009,"F","Spawned"
"IMN",2009,"F","Spawned"
"IMN",2009,"F","Spawned"
"IMN",2009,"F","Spawned"
"IMN",2009,"F","Spawned"
"IMN",2009,"F","Spawned"
"IMN",2009,"F","Spawned"
"IMN",2009,"F","Spawned"
"IMN",2009,"F","Spawned"
"IMN",2009,"F","Spawned"
"IMN",2009,"F","PreSpawn"
"IMN",2009,"F","Spawned"
"IMN",2009,"F","Spawned"
"IMN",2009,"F","PreSpawn"
"IMN",2010,"F","Spawned"
"IMN",2010,"F","Spawned"
"IMN",2010,"F","Spawned"
"IMN",2010,"F","Spawned"
"IMN",2010,"F","Spawned"
"IMN",2010,"F","Spawned"
"IMN",2010,"F","Spawned"
"IMN",2010,"F","Spawned"
"IMN",2010,"F","Spawned"
"IMN",2010,"F","Spawned"
"IMN",2010,"F","Spawned"
"IMN",2010,"F","Spawned"
"IMN",2010,"F","Spawned"
"IMN",2010,"F","Spawned"
"IMN",2010,"F","Spawned"
"IMN",2010,"F","Spawned"
"IMN",2010,"F","Spawned"
"IMN",2010,"F","Spawned"
"IMN",2010,"F","Spawned"
"IMN",2010,"F","Spawned"
"IMN",2010,"F","Spawned"
"IMN",2010,"F","Spawned"
"IMN",2010,"F","Spawned"
"IMN",2010,"F","Spawned"
"IMN",2010,"F","Spawned"
"IMN",2010,"F","Spawned"
"IMN",2010,"F","Spawned"
"IMN",2010,"F","Spawned"
"IMN",2010,"F","Spawned"
"IMN",2010,"F","Spawned"
"IMN",2010,"F","Spawned"
"IMN",2010,"F","Spawned"
"IMN",2010,"F","Spawned"
"IMN",2010,"F","Spawned"
"IMN",2010,"F","Spawned"
"IMN",2010,"F","Spawned"
"IMN",2010,"F","Spawned"
"IMN",2010,"F","Spawned"
"IMN",2010,"F","Spawned"
"IMN",2010,"F","Spawned"
"IMN",2010,"F","Spawned"
"IMN",2010,"F","Spawned"
"IMN",2010,"F","Spawned"
"IMN",2010,"F","Spawned"
"IMN",2010,"F","Spawned"
"IMN",2010,"F","Spawned"
"IMN",2010,"F","Spawned"
"IMN",2010,"F","PreSpawn"
"IMN",2010,"F","Spawned"
"IMN",2010,"F","Spawned"
"IMN",2010,"F","Spawned"
"IMN",2010,"F","Spawned"
"IMN",2010,"F","Spawned"
"IMN",2010,"F","Spawned"
"IMN",2010,"F","Spawned"
"IMN",2010,"F","PreSpawn"
"IMN",2010,"F","Spawned"
"IMN",2010,"F","Spawned"
"IMN",2010,"F","Spawned"
"IMN",2010,"F","PreSpawn"
"IMN",2010,"F","Spawned"
"IMN",2010,"F","Spawned"
"IMN",2010,"F","Spawned"
"IMN",2010,"F","Spawned"
"IMN",2010,"F","Spawned"
"IMN",2010,"F","Spawned"
"IMN",2010,"F","Spawned"
"IMN",2010,"F","Spawned"
"IMN",2010,"F","Spawned"
"IMN",2010,"F","Spawned"
"IMN",2010,"F","Spawned"
"IMN",2010,"F","Spawned"
"IMN",2010,"F","Spawned"
"IMN",2010,"F","Spawned"
"IMN",2010,"F","Spawned"
"IMN",2010,"F","Spawned"
"IMN",2010,"F","Spawned"
"IMN",2010,"F","Spawned"
"IMN",2010,"F","Spawned"
"IMN",2010,"F","Spawned"
"IMN",2010,"F","Spawned"
"IMN",2010,"F","Spawned"
"IMN",2010,"F","Spawned"
"IMN",2010,"F","PreSpawn"
"IMN",2010,"F","Spawned"
"IMN",2010,"F","Spawned"
"IMN",2010,"F","Spawned"
"IMN",2010,"F","Spawned"
"IMN",2010,"F","Spawned"
"IMN",2010,"F","Spawned"
"IMN",2010,"F","Spawned"
"IMN",2010,"F","Spawned"
"IMN",2010,"F","PreSpawn"
"IMN",2010,"F","Spawned"
"IMN",2010,"F","Spawned"
"IMN",2010,"F","Spawned"
"IMN",2010,"F","Spawned"
"IMN",2010,"F","Spawned"
"IMN",2010,"F","Spawned"
"IMN",2010,"F","Spawned"
"IMN",2010,"F","Spawned"
"IMN",2010,"F","Spawned"
"IMN",2010,"F","Spawned"
"IMN",2010,"F","Spawned"
"IMN",2010,"F","Spawned"
"IMN",2010,"F","Spawned"
"IMN",2010,"F","Spawned"
"IMN",2010,"F","Spawned"
"IMN",2010,"F","Spawned"
"IMN",2010,"F","Spawned"
"IMN",2010,"F","Spawned"
"IMN",2010,"F","Spawned"
"IMN",2010,"F","Spawned"
"IMN",2010,"F","Spawned"
"IMN",2010,"F","Spawned"
"IMN",2010,"F","PreSpawn"
"IMN",2010,"F","Spawned"
"IMN",2010,"F","Spawned"
"IMN",2010,"F","Spawned"
"IMN",2010,"F","Spawned"
"IMN",2010,"F","Spawned"
"IMN",2010,"F","Spawned"
"IMN",2010,"F","Spawned"
"IMN",2010,"F","Spawned"
"IMN",2010,"F","Spawned"
"IMN",2010,"F","PreSpawn"
"IMN",2010,"F","Spawned"
"IMN",2010,"F","Spawned"
"IMN",2010,"F","Spawned"
"IMN",2010,"F","Spawned"
"IMN",2010,"F","Spawned"
"IMN",2010,"F","Spawned"
"IMN",2010,"F","Spawned"
"IMN",2010,"F","Spawned"
"IMN",2010,"F","Spawned"
"IMN",2010,"F","PreSpawn"
"IMN",2010,"F","Spawned"
"IMN",2010,"F","Spawned"
"IMN",2010,"F","Spawned"
"IMN",2010,"F","Spawned"
"IMN",2010,"F","Spawned"
"IMN",2010,"F","Spawned"
"IMN",2010,"F","Spawned"
"IMN",2010,"F","Spawned"
"IMN",2010,"F","Spawned"
"IMN",2010,"F","Spawned"
"IMN",2010,"F","Spawned"
"IMN",2010,"F","Spawned"
"IMN",2010,"F","Spawned"
"IMN",2010,"F","Spawned"
"IMN",2010,"F","PreSpawn"
"IMN",2010,"F","Spawned"
"IMN",2010,"F","Spawned"
"IMN",2010,"F","Spawned"
"IMN",2010,"F","PreSpawn"
"IMN",2010,"F","Spawned"
"IMN",2010,"F","PreSpawn"
"IMN",2010,"F","Spawned"
"IMN",2010,"F","Spawned"
"IMN",2010,"F","PreSpawn"
"IMN",2010,"F","Spawned"
"IMN",2010,"F","Spawned"
"IMN",2010,"F","Spawned"
"IMN",2010,"F","Spawned"
"IMN",2010,"F","PreSpawn"
"IMN",2010,"F","Spawned"
"IMN",2010,"F","PreSpawn"
"IMN",2010,"F","Spawned"
"IMN",2011,"F","Spawned"
"IMN",2011,"F","Spawned"
"IMN",2011,"F","PreSpawn"
"IMN",2011,"F","Spawned"
"IMN",2011,"F","Spawned"
"IMN",2011,"F","Spawned"
"IMN",2011,"F","Spawned"
"IMN",2011,"F","Spawned"
"IMN",2011,"F","Spawned"
"IMN",2011,"F","Spawned"
"IMN",2011,"F","Spawned"
"IMN",2011,"F","Spawned"
"IMN",2011,"F","Spawned"
"IMN",2011,"F","Spawned"
"IMN",2011,"F","PreSpawn"
"IMN",2011,"F","Spawned"
"IMN",2011,"F","Spawned"
"IMN",2011,"F","Spawned"
"IMN",2011,"F","Spawned"
"IMN",2011,"F","Spawned"
"IMN",2011,"F","Spawned"
"IMN",2011,"F","Spawned"
"IMN",2011,"F","Spawned"
"IMN",2011,"F","Spawned"
"IMN",2011,"F","Spawned"
"IMN",2011,"F","Spawned"
"IMN",2011,"F","PreSpawn"
"IMN",2011,"F","Spawned"
"IMN",2011,"F","Spawned"
"IMN",2011,"F","Spawned"
"IMN",2011,"F","Spawned"
"IMN",2011,"F","Spawned"
"IMN",2011,"F","Spawned"
"IMN",2011,"F","Spawned"
"IMN",2011,"F","Spawned"
"IMN",2011,"F","Spawned"
"IMN",2011,"F","Spawned"
"IMN",2011,"F","Spawned"
"IMN",2011,"F","Spawned"
"IMN",2011,"F","Spawned"
"IMN",2011,"F","Spawned"
"IMN",2011,"F","Spawned"
"IMN",2011,"F","Spawned"
"IMN",2011,"F","Spawned"
"IMN",2011,"F","Spawned"
"IMN",2011,"F","Spawned"
"IMN",2011,"F","Spawned"
"IMN",2011,"F","Spawned"
"IMN",2011,"F","Spawned"
"IMN",2011,"F","Spawned"
"IMN",2011,"F","PreSpawn"
"IMN",2011,"F","Spawned"
"IMN",2011,"F","Spawned"
"IMN",2011,"F","PreSpawn"
"IMN",2011,"F","Spawned"
"IMN",2011,"F","Spawned"
"IMN",2011,"F","PreSpawn"
"IMN",2011,"F","Spawned"
"IMN",2011,"F","Spawned"
"IMN",2011,"F","PreSpawn"
"IMN",2011,"F","Spawned"
"IMN",2011,"F","Spawned"
"IMN",2011,"F","PreSpawn"
"IMN",2011,"F","Spawned"
"IMN",2011,"F","PreSpawn"
"IMN",2011,"F","PreSpawn"
"IMN",2011,"F","Spawned"
"IMN",2011,"F","Spawned"
"IMN",2011,"F","PreSpawn"
"IMN",2011,"F","PreSpawn"
"IMN",2011,"F","PreSpawn"
"IMN",2011,"F","Spawned"
"IMN",2011,"F","PreSpawn"
"IMN",2011,"F","Spawned"
"IMN",2011,"F","PreSpawn"
"IMN",2011,"F","Spawned"
"IMN",2011,"F","PreSpawn"
"IMN",2011,"F","PreSpawn"
"IMN",2011,"F","Spawned"
"IMN",2011,"F","Spawned"
"IMN",2011,"F","Spawned"
"IMN",2011,"F","PreSpawn"
"IMN",2011,"F","Spawned"
"IMN",2011,"F","PreSpawn"
"IMN",2011,"F","PreSpawn"
"IMN",2011,"F","Spawned"
"IMN",2011,"F","PreSpawn"
"IMN",2011,"F","PreSpawn"
"IMN",2011,"F","Spawned"
"IMN",2011,"F","PreSpawn"
"IMN",2011,"F","PreSpawn"
"IMN",2011,"F","PreSpawn"
"IMN",2011,"F","PreSpawn"
"IMN",2011,"F","PreSpawn"
"IMN",2011,"F","PreSpawn"
"IMN",2012,"F","PreSpawn"
"IMN",2012,"F","Spawned"
"IMN",2012,"F","Spawned"
"IMN",2012,"F","Spawned"
"IMN",2012,"F","Spawned"
"IMN",2012,"F","Spawned"
"IMN",2012,"F","Spawned"
"IMN",2012,"F","Spawned"
"IMN",2012,"F","Spawned"
"IMN",2012,"F","Spawned"
"IMN",2012,"F","Spawned"
"IMN",2012,"F","PreSpawn"
"IMN",2012,"F","PreSpawn"
"IMN",2012,"F","PreSpawn"
"IMN",2012,"F","Spawned"
"IMN",2012,"F","PreSpawn"
"IMN",2012,"F","PreSpawn"
"IMN",2012,"F","Spawned"
"IMN",2012,"F","Spawned"
"IMN",2012,"F","Spawned"
"IMN",2012,"F","Spawned"
"IMN",2012,"F","PreSpawn"
"IMN",2012,"F","Spawned"
"IMN",2012,"F","Spawned"
"IMN",2012,"F","PreSpawn"
"IMN",2012,"F","PreSpawn"
"IMN",2012,"F","Spawned"
"IMN",2012,"F","Spawned"
"IMN",2012,"F","Spawned"
"IMN",2012,"F","Spawned"
"IMN",2012,"F","Spawned"
"IMN",2012,"F","Spawned"
"IMN",2013,"F","Spawned"
"IMN",2013,"F","Spawned"
"IMN",2013,"F","PreSpawn"
"IMN",2013,"F","Spawned"
"IMN",2013,"F","PreSpawn"
"IMN",2013,"F","Spawned"
"IMN",2013,"F","Spawned"
"IMN",2013,"F","PreSpawn"
"IMN",2013,"F","Spawned"
"IMN",2013,"F","Spawned"
"IMN",2013,"F","Spawned"
"IMN",2013,"F","Spawned"
"IMN",2013,"F","Spawned"
"IMN",2013,"F","PreSpawn"
"IMN",2013,"F","Spawned"
"IMN",2013,"F","Spawned"
"IMN",2013,"F","Spawned"
"IMN",2013,"F","Spawned"
"IMN",2013,"F","Spawned"
"IMN",2014,"F","Spawned"
"IMN",2014,"F","Spawned"
"IMN",2014,"F","Spawned"
"IMN",2014,"F","Spawned"
"IMN",2014,"F","Spawned"
"IMN",2014,"F","Spawned"
"IMN",2014,"F","Spawned"
"IMN",2014,"F","Spawned"
"IMN",2014,"F","Spawned"
"IMN",2014,"F","Spawned"
"IMN",2014,"F","Spawned"
"IMN",2014,"F","Spawned"
"IMN",2014,"F","Spawned"
"IMN",2014,"F","PreSpawn"
"IMN",2014,"F","Spawned"
"IMN",2014,"F","Spawned"
"IMN",2014,"F","Spawned"
"IMN",2014,"F","Spawned"
"IMN",2014,"F","Spawned"
"IMN",2014,"F","Spawned"
"IMN",2014,"F","Spawned"
"IMN",2014,"F","Spawned"
"IMN",2014,"F","Spawned"
"IMN",2014,"F","Spawned"
"IMN",2014,"F","Spawned"
"IMN",2014,"F","Spawned"
"IMN",2014,"F","Spawned"
"IMN",2014,"F","Spawned"
"IMN",2014,"F","Spawned"
"IMN",2014,"F","Spawned"
"IMN",2014,"F","Spawned"
"IMN",2014,"F","Spawned"
"IMN",2014,"F","Spawned"
"IMN",2014,"F","Spawned"
"IMN",2014,"F","Spawned"
"IMN",2014,"F","PreSpawn"
"IMN",2014,"F","Spawned"
"IMN",2014,"F","PreSpawn"
"IMN",2014,"F","PreSpawn"
"IMN",2014,"F","Spawned"
"IMN",2014,"F","PreSpawn"
"IMN",2015,"F","PreSpawn"
"IMN",2015,"F","PreSpawn"
"IMN",2015,"F","Spawned"
"IMN",2015,"F","PreSpawn"
"IMN",2015,"F","Spawned"
"IMN",2015,"F","Spawned"
"IMN",2015,"F","Spawned"
"IMN",2015,"F","PreSpawn"
"IMN",2015,"F","Spawned"
"IMN",2015,"F","Spawned"
"IMN",2015,"F","Spawned"
"IMN",2015,"F","Spawned"
"IMN",2015,"F","Spawned"
"IMN",2015,"F","Spawned"
"IMN",2015,"F","Spawned"
"IMN",2015,"F","Spawned"
"IMN",2015,"F","Spawned"
"IMN",2015,"F","Spawned"
"IMN",2015,"F","Spawned"
"IMN",2015,"F","Spawned"
"IMN",2015,"F","Spawned"
"IMN",2015,"F","Spawned"
"IMN",2015,"F","Spawned"
"IMN",2015,"F","Spawned"
"IMN",2015,"F","Spawned"
"IMN",2015,"F","Spawned"
"IMN",2015,"F","Spawned"
"IMN",2015,"F","Spawned"
"IMN",2015,"F","Spawned"
"IMN",2015,"F","Spawned"
"IMN",2015,"F","Spawned"
"IMN",2015,"F","Spawned"
"IMN",2015,"F","Spawned"
"IMN",2015,"F","Spawned"
"IMN",2015,"F","Spawned"
"IMN",2015,"F","Spawned"
"IMN",2015,"F","Spawned"
"IMN",2015,"F","Spawned"
"IMN",2015,"F","Spawned"
"IMN",2015,"F","Spawned"
"IMN",2015,"F","Spawned"
"IMN",2015,"F","Spawned"
"IMN",2015,"F","Spawned"
"IMN",2015,"F","Spawned"
"IMN",2015,"F","Spawned"
"IMN",2015,"F","Spawned"
"IMN",2015,"F","Spawned"
"IMN",2015,"F","Spawned"
"IMN",2015,"F","Spawned"
"IMN",2015,"F","Spawned"
"IMN",2015,"F","PreSpawn"
"IMN",2015,"F","Spawned"
"IMN",2015,"F","Spawned"
"IMN",2015,"F","Spawned"
"IMN",2015,"F","Spawned"
"IMN",2015,"F","Spawned"
"IMN",2015,"F","Spawned"
"IMN",2015,"F","PreSpawn"
"IMN",2015,"F","Spawned"
"IMN",2015,"F","Spawned"
"IMN",2015,"F","Spawned"
"IMN",2015,"F","Spawned"
"IMN",2015,"F","Spawned"
"IMN",2015,"F","PreSpawn"
"IMN",2015,"F","Spawned"
"IMN",2015,"F","Spawned"
"IMN",2015,"F","Spawned"
"IMN",2015,"F","Spawned"
"IMN",2015,"F","Spawned"
"IMN",2015,"F","PreSpawn"
"IMN",2015,"F","Spawned"
"IMN",2015,"F","Spawned"
"IMN",2015,"F","Spawned"
"IMN",2015,"F","Spawned"
"IMN",2015,"F","Spawned"
"IMN",2015,"F","Spawned"
"IMN",2015,"F","PreSpawn"
"IMN",2015,"F","Spawned"
"IMN",2015,"F","Spawned"
"IMN",2015,"F","Spawned"
"IMN",2015,"F","Spawned"
"IMN",2015,"F","Spawned"
"IMN",2015,"F","Spawned"
"IMN",2015,"F","Spawned"
"IMN",2015,"F","Spawned"
"IMN",2015,"F","Spawned"
"IMN",2015,"F","Spawned"
"IMN",2015,"F","Spawned"
"IMN",2015,"F","PreSpawn"
"IMN",2015,"F","Spawned"
"IMN",2015,"F","Spawned"
"IMN",2015,"F","Spawned"
"IMN",2015,"F","Spawned"
"IMN",2015,"F","Spawned"
"IMN",2016,"F","Spawned"
"IMN",2016,"F","Spawned"
"IMN",2016,"F","Spawned"
"IMN",2016,"F","Spawned"
"IMN",2016,"F","Spawned"
"IMN",2016,"F","Spawned"
"IMN",2016,"F","Spawned"
"IMN",2016,"F","Spawned"
"IMN",2016,"F","Spawned"
"IMN",2016,"F","Spawned"
"IMN",2016,"F","Spawned"
"IMN",2016,"F","Spawned"
"IMN",2016,"F","Spawned"
"IMN",2016,"F","Spawned"
"IMN",2016,"F","Spawned"
"IMN",2016,"F","Spawned"
"IMN",2016,"F","Spawned"
"IMN",2016,"F","Spawned"
"IMN",2016,"F","Spawned"
"IMN",2016,"F","Spawned"
"IMN",2016,"F","Spawned"
"IMN",2016,"F","Spawned"
"IMN",2016,"F","Spawned"
"IMN",2016,"F","Spawned"
"IMN",2016,"F","Spawned"
"IMN",2016,"F","Spawned"
"IMN",2016,"F","Spawned"
"IMN",2016,"F","Spawned"
"IMN",2016,"F","Spawned"
"IMN",2016,"F","Spawned"
"IMN",2016,"F","Spawned"
"IMN",2016,"F","Spawned"
"IMN",2016,"F","Spawned"
"IMN",2016,"F","Spawned"
"IMN",2016,"F","Spawned"
"IMN",2016,"F","PreSpawn"
"IMN",2016,"F","Spawned"
"IMN",2016,"F","Spawned"
"IMN",2016,"F","Spawned"
"IMN",2016,"F","Spawned"
"IMN",2016,"F","Spawned"
"IMN",2016,"F","PreSpawn"
"IMN",2017,"F","Spawned"
"IMN",2017,"F","Spawned"
"IMN",2017,"F","Spawned"
"IMN",2017,"F","Spawned"
"IMN",2017,"F","PreSpawn"
"IMN",2017,"F","PreSpawn"
"IMN",2018,"F","Spawned"
"IMN",2018,"F","Spawned"
"IMN",2018,"F","Spawned"
"IMN",2018,"F","Spawned"
"IMN",2018,"F","Spawned"
"IMN",2018,"F","Spawned"
"IMN",2018,"F","Spawned"
"IMN",2018,"F","Spawned"
"IMN",2019,"F","Spawned"
"IMN",2019,"F","Spawned"
"IMN",2019,"F","Spawned"
"IMN",2019,"F","Spawned"
"IMN",2019,"F","Spawned"
"IMN",2019,"F","Spawned"
"IMN",2019,"F","Spawned"
"IMN",2019,"F","Spawned"
"IMN",2019,"F","Spawned"
"IMN",2020,"F","Spawned"
"IMN",2020,"F","Spawned"
"IMN",2020,"F","Spawned"
"IMN",2020,"F","Spawned"
"IMN",2020,"F","Spawned"
"IMN",2020,"F","Spawned"
"IMN",2020,"F","Spawned"
"IMN",2020,"F","Spawned"
"IMN",2020,"F","Spawned"
"IMN",2020,"F","Spawned"
"IMN",2020,"F","Spawned"
"IMN",2020,"F","Spawned"
"IMN",2020,"F","Spawned"
"IMN",2020,"F","Spawned"
"IMN",2020,"F","Spawned"
"IMN",2020,"F","PreSpawn"
"IMN",2020,"F","Spawned"
"IMN",2020,"F","Spawned"
"IMN",2020,"F","Spawned"
"IMN",2020,"F","Spawned"
"IMN",2020,"F","Spawned"
"IMN",2020,"F","Spawned"
"IMN",2020,"F","PreSpawn"
"IMN",2020,"F","Spawned"
"IMN",2020,"F","Spawned"
"IMN",2020,"F","Spawned"
"IMN",2020,"F","Spawned"
"IMN",2020,"F","Spawned"
"IMN",2020,"F","Spawned"
"IMN",2020,"F","Spawned"
"IMN",2020,"F","Spawned"
"IMN",2020,"F","Spawned"
"IMN",2020,"F","Spawned"
"IMN",2020,"F","Spawned"
"IMN",2020,"F","Spawned"
"IMN",2020,"F","PreSpawn"
"IMN",2021,"F","Spawned"
"IMN",2021,"F","Spawned"
"IMN",2021,"F","Spawned"
"IMN",2021,"F","Spawned"
"IMN",2021,"F","Spawned"
"IMN",2021,"F","Spawned"
"IMN",2021,"F","Spawned"
"IMN",2021,"F","Spawned"
"IMN",2021,"F","Spawned"
"IMN",2021,"F","Spawned"
"IMN",2021,"F","Spawned"
"IMN",2021,"F","Spawned"
"IMN",2021,"F","Spawned"
"IMN",2021,"F","Spawned"
"IMN",2021,"F","Spawned"
"IMN",2021,"F","Spawned"
"IMN",2021,"F","Spawned"
"IMN",2021,"F","Spawned"
"IMN",2021,"F","Spawned"
"IMN",2021,"F","Spawned"
"IMN",2021,"F","Spawned"
"IMN",2021,"F","Spawned"
"IMN",2021,"F","Spawned"
"IMN",2021,"F","PreSpawn"
"IMN",2021,"F","Spawned"
"IMN",2021,"F","Spawned"
"IMN",2021,"F","Spawned"
"IMN",2021,"F","Spawned"
"IMN",2021,"F","Spawned"
"IMN",2021,"F","Spawned"
"IMN",2021,"F","Spawned"
"IMN",2021,"F","PreSpawn"
"IMN",2021,"F","Spawned"
"IMN",2021,"F","Spawned"
"IMN",2021,"F","Spawned"
"IMN",2021,"F","Spawned"
"IMN",2021,"F","Spawned"
"IMN",2021,"F","Spawned"
"IMN",2021,"F","Spawned"
"IMN",2021,"F","Spawned"
"IMN",2021,"F","Spawned"
"IMN",2021,"F","Spawned"
"IMN",2021,"F","Spawned"
"IMN",2021,"F","Spawned"
"IMN",2021,"F","Spawned"
"IMN",2021,"F","Spawned"
"IMN",2021,"F","Spawned"
"IMN",2021,"F","Spawned"
"IMN",2021,"F","Spawned"
"IMN",2021,"F","Spawned"
"IMN",2021,"F","Spawned"
"IMN",2021,"F","Spawned"
"IMN",2021,"F","Spawned"
"IMN",2021,"F","Spawned"
"IMN",2021,"F","Spawned"
"IMN",2021,"F","Spawned"
"IMN",2021,"F","Spawned"
"IMN",2021,"F","Spawned"
"IMN",2021,"F","Spawned"
"IMN",2021,"F","Spawned"
"IMN",2021,"F","Spawned"
"IMN",2021,"F","Spawned"
"IMN",2021,"F","Spawned"
"IMN",2022,"F","PreSpawn"
"IMN",2022,"F","Spawned"
"IMN",1992,"F","PreSpawn"
"IMN",1992,"F","PreSpawn"
"IMN",1992,"F","PreSpawn"
"IMN",1992,"F","PreSpawn"
"IMN",1992,"F","PreSpawn"
"IMN",1992,"F","PreSpawn"
"IMN",1992,"F","PreSpawn"
"IMN",1992,"F","PreSpawn"
"IMN",1992,"F","PreSpawn"
"IMN",1992,"F","PreSpawn"
"IMN",1992,"F","PreSpawn"
"IMN",1992,"F","PreSpawn"
"IMN",1993,"F","Spawned"
"IMN",1993,"F","PreSpawn"
"IMN",1993,"F","PreSpawn"
"IMN",1993,"F","Spawned"
"IMN",1993,"F","PreSpawn"
"IMN",1993,"F","Spawned"
"IMN",1993,"F","PreSpawn"
"IMN",1993,"F","Spawned"
"IMN",1993,"F","Spawned"
"IMN",1993,"F","Spawned"
"IMN",1993,"F","PreSpawn"
"IMN",1993,"F","PreSpawn"
"IMN",1993,"F","PreSpawn"
"IMN",1993,"F","PreSpawn"
"IMN",1993,"F","Spawned"
"IMN",1993,"F","Spawned"
"IMN",1993,"F","Spawned"
"IMN",1993,"F","Spawned"
"IMN",1993,"F","Spawned"
"IMN",1993,"F","PreSpawn"
"IMN",1993,"F","Spawned"
"IMN",1993,"F","PreSpawn"
"IMN",1993,"F","PreSpawn"
"IMN",1993,"F","PreSpawn"
"IMN",1993,"F","PreSpawn"
"IMN",1993,"F","Spawned"
"IMN",1993,"F","PreSpawn"
"IMN",1993,"F","PreSpawn"
"IMN",1993,"F","PreSpawn"
"IMN",1993,"F","PreSpawn"
"IMN",1993,"F","PreSpawn"
"IMN",1993,"F","Spawned"
"IMN",1993,"F","Spawned"
"IMN",1996,"F","Spawned"
"IMN",1998,"F","Spawned"
"IMN",1999,"F","PreSpawn"
"IMN",2000,"F","Spawned"
"IMN",2001,"F","PreSpawn"
"IMN",2001,"F","PreSpawn"
"IMN",2001,"F","PreSpawn"
"IMN",2001,"F","PreSpawn"
"IMN",2001,"F","PreSpawn"
"IMN",2001,"F","PreSpawn"
"IMN",2001,"F","Spawned"
"IMN",2001,"F","Spawned"
"IMN",2001,"F","Spawned"
"IMN",2001,"F","PreSpawn"
"IMN",2001,"F","PreSpawn"
"IMN",2001,"F","PreSpawn"
"IMN",2001,"F","PreSpawn"
"IMN",2001,"F","Spawned"
"IMN",2001,"F","PreSpawn"
"IMN",2001,"F","PreSpawn"
"IMN",2001,"F","PreSpawn"
"IMN",2001,"F","PreSpawn"
"IMN",2001,"F","PreSpawn"
"IMN",2001,"F","PreSpawn"
"IMN",2001,"F","PreSpawn"
"IMN",2001,"F","PreSpawn"
"IMN",2001,"F","PreSpawn"
"IMN",2001,"F","PreSpawn"
"IMN",2001,"F","PreSpawn"
"IMN",2001,"F","PreSpawn"
"IMN",2001,"F","PreSpawn"
"IMN",2001,"F","PreSpawn"
"IMN",2001,"F","PreSpawn"
"IMN",2001,"F","PreSpawn"
"IMN",2001,"F","Spawned"
"IMN",2001,"F","PreSpawn"
"IMN",2001,"F","PreSpawn"
"IMN",2001,"F","PreSpawn"
"IMN",2001,"F","PreSpawn"
"IMN",2001,"F","PreSpawn"
"IMN",2001,"F","PreSpawn"
"IMN",2001,"F","PreSpawn"
"IMN",2001,"F","PreSpawn"
"IMN",2001,"F","PreSpawn"
"IMN",2001,"F","PreSpawn"
"IMN",2001,"F","PreSpawn"
"IMN",2001,"F","PreSpawn"
"IMN",2001,"F","PreSpawn"
"IMN",2001,"F","PreSpawn"
"IMN",2001,"F","PreSpawn"
"IMN",2001,"F","PreSpawn"
"IMN",2001,"F","PreSpawn"
"IMN",2001,"F","PreSpawn"
"IMN",2001,"F","PreSpawn"
"IMN",2001,"F","PreSpawn"
"IMN",2001,"F","PreSpawn"
"IMN",2001,"F","PreSpawn"
"IMN",2001,"F","PreSpawn"
"IMN",2002,"F","PreSpawn"
"IMN",2002,"F","PreSpawn"
"IMN",2002,"F","Spawned"
"IMN",2002,"F","PreSpawn"
"IMN",2002,"F","PreSpawn"
"IMN",2002,"F","PreSpawn"
"IMN",2002,"F","PreSpawn"
"IMN",2002,"F","PreSpawn"
"IMN",2002,"F","Spawned"
"IMN",2002,"F","PreSpawn"
"IMN",2002,"F","PreSpawn"
"IMN",2002,"F","PreSpawn"
"IMN",2002,"F","PreSpawn"
"IMN",2002,"F","PreSpawn"
"IMN",2002,"F","PreSpawn"
"IMN",2002,"F","PreSpawn"
"IMN",2002,"F","PreSpawn"
"IMN",2002,"F","PreSpawn"
"IMN",2002,"F","PreSpawn"
"IMN",2002,"F","PreSpawn"
"IMN",2002,"F","Spawned"
"IMN",2002,"F","Spawned"
"IMN",2002,"F","PreSpawn"
"IMN",2002,"F","PreSpawn"
"IMN",2002,"F","PreSpawn"
"IMN",2002,"F","Spawned"
"IMN",2002,"F","Spawned"
"IMN",2002,"F","Spawned"
"IMN",2002,"F","PreSpawn"
"IMN",2002,"F","PreSpawn"
"IMN",2002,"F","Spawned"
"IMN",2002,"F","Spawned"
"IMN",2002,"F","PreSpawn"
"IMN",2002,"F","PreSpawn"
"IMN",2002,"F","PreSpawn"
"IMN",2002,"F","PreSpawn"
"IMN",2002,"F","PreSpawn"
"IMN",2002,"F","PreSpawn"
"IMN",2002,"F","PreSpawn"
"IMN",2002,"F","PreSpawn"
"IMN",2002,"F","PreSpawn"
"IMN",2002,"F","PreSpawn"
"IMN",2002,"F","PreSpawn"
"IMN",2002,"F","PreSpawn"
"IMN",2002,"F","PreSpawn"
"IMN",2002,"F","PreSpawn"
"IMN",2002,"F","PreSpawn"
"IMN",2002,"F","PreSpawn"
"IMN",2003,"F","PreSpawn"
"IMN",2003,"F","PreSpawn"
"IMN",2003,"F","PreSpawn"
"IMN",2003,"F","PreSpawn"
"IMN",2003,"F","PreSpawn"
"IMN",2003,"F","PreSpawn"
"IMN",2003,"F","PreSpawn"
"IMN",2003,"F","PreSpawn"
"IMN",2003,"F","PreSpawn"
"IMN",2003,"F","PreSpawn"
"IMN",2003,"F","PreSpawn"
"IMN",2003,"F","PreSpawn"
"IMN",2003,"F","PreSpawn"
"IMN",2003,"F","Spawned"
"IMN",2003,"F","Spawned"
"IMN",2003,"F","PreSpawn"
"IMN",2003,"F","PreSpawn"
"IMN",2003,"F","PreSpawn"
"IMN",2003,"F","PreSpawn"
"IMN",2003,"F","PreSpawn"
"IMN",2004,"F","Spawned"
"IMN",2004,"F","PreSpawn"
"IMN",2004,"F","PreSpawn"
"IMN",2004,"F","PreSpawn"
"IMN",2004,"F","PreSpawn"
"IMN",2004,"F","PreSpawn"
"IMN",2004,"F","PreSpawn"
"IMN",2004,"F","PreSpawn"
"IMN",2004,"F","PreSpawn"
"IMN",2004,"F","PreSpawn"
"IMN",2004,"F","PreSpawn"
"IMN",2004,"F","PreSpawn"
"IMN",2004,"F","PreSpawn"
"IMN",2004,"F","PreSpawn"
"IMN",2004,"F","PreSpawn"
"IMN",2004,"F","PreSpawn"
"IMN",2004,"F","PreSpawn"
"IMN",2004,"F","Spawned"
"IMN",2004,"F","Spawned"
"IMN",2004,"F","PreSpawn"
"IMN",2004,"F","Spawned"
"IMN",2005,"F","Spawned"
"IMN",2005,"F","PreSpawn"
"IMN",2005,"F","PreSpawn"
"IMN",2005,"F","PreSpawn"
"IMN",2005,"F","PreSpawn"
"IMN",2006,"F","Spawned"
"IMN",2006,"F","Spawned"
"IMN",2006,"F","Spawned"
"IMN",2006,"F","Spawned"
"IMN",2007,"F","Spawned"
"IMN",2007,"F","Spawned"
"IMN",2007,"F","Spawned"
"IMN",2008,"F","Spawned"
"IMN",2008,"F","Spawned"
"IMN",2008,"F","Spawned"
"IMN",2008,"F","Spawned"
"IMN",2008,"F","Spawned"
"IMN",2008,"F","Spawned"
"IMN",2008,"F","Spawned"
"IMN",2008,"F","Spawned"
"IMN",2008,"F","Spawned"
"IMN",2008,"F","Spawned"
"IMN",2008,"F","Spawned"
"IMN",2008,"F","Spawned"
"IMN",2008,"F","Spawned"
"IMN",2008,"F","Spawned"
"IMN",2008,"F","Spawned"
"IMN",2008,"F","Spawned"
"IMN",2008,"F","Spawned"
"IMN",2008,"F","Spawned"
"IMN",2009,"F","PreSpawn"
"IMN",2009,"F","PreSpawn"
"IMN",2009,"F","PreSpawn"
"IMN",2009,"F","PreSpawn"
"IMN",2009,"F","PreSpawn"
"IMN",2009,"F","PreSpawn"
"IMN",2009,"F","PreSpawn"
"IMN",2009,"F","PreSpawn"
"IMN",2009,"F","PreSpawn"
"IMN",2009,"F","PreSpawn"
"IMN",2009,"F","PreSpawn"
"IMN",2009,"F","PreSpawn"
"IMN",2009,"F","PreSpawn"
"IMN",2009,"F","PreSpawn"
"IMN",2009,"F","PreSpawn"
"IMN",2009,"F","PreSpawn"
"IMN",2009,"F","PreSpawn"
"IMN",2009,"F","PreSpawn"
"IMN",2009,"F","PreSpawn"
"IMN",2009,"F","PreSpawn"
"IMN",2009,"F","PreSpawn"
"IMN",2009,"F","Spawned"
"IMN",2009,"F","PreSpawn"
"IMN",2009,"F","PreSpawn"
"IMN",2009,"F","PreSpawn"
"IMN",2010,"F","PreSpawn"
"IMN",2010,"F","PreSpawn"
"IMN",2010,"F","PreSpawn"
"IMN",2010,"F","PreSpawn"
"IMN",2010,"F","PreSpawn"
"IMN",2010,"F","PreSpawn"
"IMN",2010,"F","PreSpawn"
"IMN",2010,"F","PreSpawn"
"IMN",2010,"F","PreSpawn"
"IMN",2010,"F","PreSpawn"
"IMN",2010,"F","PreSpawn"
"IMN",2010,"F","PreSpawn"
"IMN",2010,"F","PreSpawn"
"IMN",2011,"F","PreSpawn"
"IMN",2011,"F","Spawned"
"IMN",2011,"F","Spawned"
"IMN",2011,"F","Spawned"
"IMN",2011,"F","PreSpawn"
"IMN",2011,"F","Spawned"
"IMN",2011,"F","PreSpawn"
"IMN",2011,"F","PreSpawn"
"IMN",2011,"F","PreSpawn"
"IMN",2011,"F","PreSpawn"
"IMN",2011,"F","PreSpawn"
"IMN",2011,"F","Spawned"
"IMN",2011,"F","PreSpawn"
"IMN",2011,"F","PreSpawn"
"IMN",2011,"F","Spawned"
"IMN",2011,"F","PreSpawn"
"IMN",2011,"F","PreSpawn"
"IMN",2011,"F","PreSpawn"
"IMN",2012,"F","PreSpawn"
"IMN",2012,"F","PreSpawn"
"IMN",2012,"F","PreSpawn"
"IMN",2012,"F","PreSpawn"
"IMN",2012,"F","PreSpawn"
"IMN",2012,"F","PreSpawn"
"IMN",2012,"F","PreSpawn"
"IMN",2012,"F","PreSpawn"
"IMN",2012,"F","PreSpawn"
"IMN",2012,"F","PreSpawn"
"IMN",2012,"F","PreSpawn"
"IMN",2012,"F","Spawned"
"IMN",2012,"F","PreSpawn"
"IMN",2012,"F","PreSpawn"
"IMN",2013,"F","PreSpawn"
"IMN",2013,"F","PreSpawn"
"IMN",2014,"F","PreSpawn"
"IMN",2014,"F","PreSpawn"
"IMN",2014,"F","PreSpawn"
"IMN",2014,"F","PreSpawn"
"IMN",2014,"F","PreSpawn"
"IMN",2014,"F","Spawned"
"IMN",2015,"F","PreSpawn"
"IMN",2015,"F","PreSpawn"
"IMN",2015,"F","PreSpawn"
"IMN",2015,"F","PreSpawn"
"IMN",2015,"F","PreSpawn"
"IMN",2015,"F","PreSpawn"
"IMN",2015,"F","PreSpawn"
"IMN",2015,"F","PreSpawn"
"IMN",2015,"F","PreSpawn"
"IMN",2015,"F","PreSpawn"
"IMN",2015,"F","PreSpawn"
"IMN",2015,"F","PreSpawn"
"IMN",2015,"F","PreSpawn"
"IMN",2016,"F","Spawned"
"IMN",2021,"F","Spawned"
"IMN",2021,"F","Spawned"
"LOS",1991,"F","Spawned"
"LOS",1991,"F","Spawned"
"LOS",1991,"F","Spawned"
"LOS",1991,"F","PreSpawn"
"LOS",1992,"F","Spawned"
"LOS",1992,"F","Spawned"
"LOS",1993,"F","Spawned"
"LOS",1993,"F","PreSpawn"
"LOS",1993,"F","Spawned"
"LOS",1993,"F","Spawned"
"LOS",1993,"F","Spawned"
"LOS",1993,"F","Spawned"
"LOS",1996,"F","Spawned"
"LOS",1996,"F","PreSpawn"
"LOS",1996,"F","Spawned"
"LOS",1996,"F","Spawned"
"LOS",1997,"F","Spawned"
"LOS",1997,"F","Spawned"
"LOS",1997,"F","Spawned"
"LOS",1997,"F","Spawned"
"LOS",1997,"F","Spawned"
"LOS",1997,"F","Spawned"
"LOS",1997,"F","Spawned"
"LOS",1997,"F","Spawned"
"LOS",1997,"F","Spawned"
"LOS",1997,"F","Spawned"
"LOS",1998,"F","Spawned"
"LOS",1998,"F","Spawned"
"LOS",1998,"F","Spawned"
"LOS",1998,"F","Spawned"
"LOS",1999,"F","Spawned"
"LOS",1999,"F","Spawned"
"LOS",1999,"F","Spawned"
"LOS",1999,"F","Spawned"
"LOS",1999,"F","PreSpawn"
"LOS",1999,"F","Spawned"
"LOS",1999,"F","PreSpawn"
"LOS",2000,"F","Spawned"
"LOS",2000,"F","Spawned"
"LOS",2000,"F","Spawned"
"LOS",2000,"F","Spawned"
"LOS",2000,"F","PreSpawn"
"LOS",2000,"F","PreSpawn"
"LOS",2000,"F","Spawned"
"LOS",2000,"F","PreSpawn"
"LOS",2000,"F","Spawned"
"LOS",2000,"F","Spawned"
"LOS",2000,"F","PreSpawn"
"LOS",2000,"F","PreSpawn"
"LOS",2000,"F","Spawned"
"LOS",2000,"F","Spawned"
"LOS",2000,"F","Spawned"
"LOS",2000,"F","Spawned"
"LOS",2000,"F","Spawned"
"LOS",2001,"F","Spawned"
"LOS",2001,"F","Spawned"
"LOS",2001,"F","Spawned"
"LOS",2001,"F","Spawned"
"LOS",2001,"F","Spawned"
"LOS",2001,"F","PreSpawn"
"LOS",2001,"F","PreSpawn"
"LOS",2001,"F","PreSpawn"
"LOS",2001,"F","PreSpawn"
"LOS",2001,"F","PreSpawn"
"LOS",2001,"F","Spawned"
"LOS",2001,"F","Spawned"
"LOS",2001,"F","Spawned"
"LOS",2001,"F","Spawned"
"LOS",2001,"F","Spawned"
"LOS",2001,"F","Spawned"
"LOS",2001,"F","Spawned"
"LOS",2002,"F","PreSpawn"
"LOS",2002,"F","Spawned"
"LOS",2002,"F","Spawned"
"LOS",2002,"F","Spawned"
"LOS",2002,"F","Spawned"
"LOS",2002,"F","PreSpawn"
"LOS",2002,"F","Spawned"
"LOS",2002,"F","PreSpawn"
"LOS",2002,"F","Spawned"
"LOS",2002,"F","PreSpawn"
"LOS",2002,"F","PreSpawn"
"LOS",2002,"F","Spawned"
"LOS",2002,"F","PreSpawn"
"LOS",2002,"F","Spawned"
"LOS",2002,"F","Spawned"
"LOS",2002,"F","PreSpawn"
"LOS",2002,"F","PreSpawn"
"LOS",2002,"F","Spawned"
"LOS",2002,"F","Spawned"
"LOS",2002,"F","PreSpawn"
"LOS",2002,"F","Spawned"
"LOS",2002,"F","Spawned"
"LOS",2002,"F","Spawned"
"LOS",2002,"F","Spawned"
"LOS",2002,"F","Spawned"
"LOS",2002,"F","Spawned"
"LOS",2002,"F","Spawned"
"LOS",2002,"F","Spawned"
"LOS",2002,"F","Spawned"
"LOS",2002,"F","PreSpawn"
"LOS",2002,"F","Spawned"
"LOS",2002,"F","Spawned"
"LOS",2003,"F","Spawned"
"LOS",2003,"F","PreSpawn"
"LOS",2003,"F","Spawned"
"LOS",2003,"F","Spawned"
"LOS",2003,"F","Spawned"
"LOS",2003,"F","PreSpawn"
"LOS",2003,"F","Spawned"
"LOS",2003,"F","Spawned"
"LOS",2003,"F","PreSpawn"
"LOS",2003,"F","Spawned"
"LOS",2003,"F","Spawned"
"LOS",2003,"F","Spawned"
"LOS",2003,"F","PreSpawn"
"LOS",2003,"F","Spawned"
"LOS",2003,"F","PreSpawn"
"LOS",2003,"F","Spawned"
"LOS",2003,"F","Spawned"
"LOS",2003,"F","PreSpawn"
"LOS",2003,"F","Spawned"
"LOS",2003,"F","Spawned"
"LOS",2003,"F","Spawned"
"LOS",2003,"F","Spawned"
"LOS",2003,"F","Spawned"
"LOS",2003,"F","Spawned"
"LOS",2003,"F","Spawned"
"LOS",2003,"F","Spawned"
"LOS",2003,"F","Spawned"
"LOS",2003,"F","Spawned"
"LOS",2003,"F","Spawned"
"LOS",2003,"F","Spawned"
"LOS",2003,"F","Spawned"
"LOS",2003,"F","Spawned"
"LOS",2004,"F","Spawned"
"LOS",2004,"F","Spawned"
"LOS",2004,"F","PreSpawn"
"LOS",2004,"F","Spawned"
"LOS",2004,"F","Spawned"
"LOS",2004,"F","Spawned"
"LOS",2004,"F","Spawned"
"LOS",2004,"F","PreSpawn"
"LOS",2004,"F","Spawned"
"LOS",2004,"F","PreSpawn"
"LOS",2004,"F","PreSpawn"
"LOS",2004,"F","Spawned"
"LOS",2004,"F","Spawned"
"LOS",2004,"F","Spawned"
"LOS",2004,"F","Spawned"
"LOS",2004,"F","Spawned"
"LOS",2004,"F","Spawned"
"LOS",2004,"F","PreSpawn"
"LOS",2004,"F","Spawned"
"LOS",2004,"F","Spawned"
"LOS",2004,"F","Spawned"
"LOS",2004,"F","Spawned"
"LOS",2005,"F","PreSpawn"
"LOS",2005,"F","Spawned"
"LOS",2005,"F","Spawned"
"LOS",2005,"F","Spawned"
"LOS",2005,"F","PreSpawn"
"LOS",2005,"F","Spawned"
"LOS",2005,"F","Spawned"
"LOS",2005,"F","Spawned"
"LOS",2005,"F","Spawned"
"LOS",2005,"F","Spawned"
"LOS",2005,"F","PreSpawn"
"LOS",2005,"F","PreSpawn"
"LOS",2005,"F","PreSpawn"
"LOS",2005,"F","PreSpawn"
"LOS",2005,"F","Spawned"
"LOS",2005,"F","Spawned"
"LOS",2005,"F","Spawned"
"LOS",2005,"F","Spawned"
"LOS",2005,"F","Spawned"
"LOS",2005,"F","Spawned"
"LOS",2005,"F","Spawned"
"LOS",2005,"F","Spawned"
"LOS",2005,"F","Spawned"
"LOS",2005,"F","Spawned"
"LOS",2005,"F","Spawned"
"LOS",2006,"F","Spawned"
"LOS",2006,"F","Spawned"
"LOS",2006,"F","Spawned"
"LOS",2006,"F","PreSpawn"
"LOS",2006,"F","Spawned"
"LOS",2006,"F","Spawned"
"LOS",2006,"F","Spawned"
"LOS",2006,"F","PreSpawn"
"LOS",2006,"F","Spawned"
"LOS",2006,"F","Spawned"
"LOS",2006,"F","PreSpawn"
"LOS",2006,"F","PreSpawn"
"LOS",2006,"F","PreSpawn"
"LOS",2006,"F","Spawned"
"LOS",2006,"F","Spawned"
"LOS",2006,"F","Spawned"
"LOS",2006,"F","Spawned"
"LOS",2006,"F","PreSpawn"
"LOS",2006,"F","Spawned"
"LOS",2006,"F","PreSpawn"
"LOS",2006,"F","Spawned"
"LOS",2006,"F","Spawned"
"LOS",2006,"F","Spawned"
"LOS",2007,"F","Spawned"
"LOS",2007,"F","Spawned"
"LOS",2007,"F","Spawned"
"LOS",2007,"F","Spawned"
"LOS",2007,"F","Spawned"
"LOS",2007,"F","Spawned"
"LOS",2007,"F","Spawned"
"LOS",2008,"F","Spawned"
"LOS",2008,"F","Spawned"
"LOS",2008,"F","Spawned"
"LOS",2008,"F","Spawned"
"LOS",2008,"F","Spawned"
"LOS",2008,"F","Spawned"
"LOS",2008,"F","Spawned"
"LOS",2008,"F","Spawned"
"LOS",2008,"F","Spawned"
"LOS",2008,"F","Spawned"
"LOS",2008,"F","Spawned"
"LOS",2008,"F","PreSpawn"
"LOS",2008,"F","Spawned"
"LOS",2008,"F","PreSpawn"
"LOS",2008,"F","Spawned"
"LOS",2008,"F","Spawned"
"LOS",2008,"F","Spawned"
"LOS",2008,"F","Spawned"
"LOS",2008,"F","PreSpawn"
"LOS",2008,"F","Spawned"
"LOS",2008,"F","Spawned"
"LOS",2008,"F","Spawned"
"LOS",2008,"F","Spawned"
"LOS",2008,"F","Spawned"
"LOS",2008,"F","Spawned"
"LOS",2008,"F","PreSpawn"
"LOS",2008,"F","Spawned"
"LOS",2008,"F","PreSpawn"
"LOS",2008,"F","Spawned"
"LOS",2008,"F","PreSpawn"
"LOS",2008,"F","PreSpawn"
"LOS",2008,"F","Spawned"
"LOS",2008,"F","Spawned"
"LOS",2008,"F","Spawned"
"LOS",2008,"F","Spawned"
"LOS",2008,"F","Spawned"
"LOS",2008,"F","Spawned"
"LOS",2008,"F","Spawned"
"LOS",2008,"F","PreSpawn"
"LOS",2008,"F","PreSpawn"
"LOS",2008,"F","Spawned"
"LOS",2008,"F","Spawned"
"LOS",2008,"F","Spawned"
"LOS",2008,"F","Spawned"
"LOS",2008,"F","Spawned"
"LOS",2008,"F","Spawned"
"LOS",2008,"F","Spawned"
"LOS",2008,"F","Spawned"
"LOS",2008,"F","Spawned"
"LOS",2008,"F","Spawned"
"LOS",2008,"F","PreSpawn"
"LOS",2008,"F","Spawned"
"LOS",2008,"F","PreSpawn"
"LOS",2008,"F","PreSpawn"
"LOS",2009,"F","Spawned"
"LOS",2009,"F","Spawned"
"LOS",2009,"F","Spawned"
"LOS",2009,"F","Spawned"
"LOS",2009,"F","Spawned"
"LOS",2009,"F","Spawned"
"LOS",2009,"F","Spawned"
"LOS",2009,"F","Spawned"
"LOS",2009,"F","Spawned"
"LOS",2009,"F","Spawned"
"LOS",2009,"F","Spawned"
"LOS",2009,"F","PreSpawn"
"LOS",2009,"F","PreSpawn"
"LOS",2009,"F","Spawned"
"LOS",2009,"F","Spawned"
"LOS",2009,"F","PreSpawn"
"LOS",2009,"F","PreSpawn"
"LOS",2009,"F","PreSpawn"
"LOS",2009,"F","PreSpawn"
"LOS",2009,"F","PreSpawn"
"LOS",2009,"F","PreSpawn"
"LOS",2009,"F","PreSpawn"
"LOS",2009,"F","PreSpawn"
"LOS",2009,"F","PreSpawn"
"LOS",2009,"F","PreSpawn"
"LOS",2009,"F","PreSpawn"
"LOS",2009,"F","PreSpawn"
"LOS",2009,"F","PreSpawn"
"LOS",2009,"F","PreSpawn"
"LOS",2009,"F","PreSpawn"
"LOS",2009,"F","PreSpawn"
"LOS",2009,"F","PreSpawn"
"LOS",2009,"F","PreSpawn"
"LOS",2009,"F","PreSpawn"
"LOS",2009,"F","PreSpawn"
"LOS",2009,"F","PreSpawn"
"LOS",2009,"F","PreSpawn"
"LOS",2009,"F","PreSpawn"
"LOS",2009,"F","PreSpawn"
"LOS",2009,"F","PreSpawn"
"LOS",2009,"F","PreSpawn"
"LOS",2009,"F","PreSpawn"
"LOS",2009,"F","PreSpawn"
"LOS",2009,"F","PreSpawn"
"LOS",2009,"F","PreSpawn"
"LOS",2009,"F","PreSpawn"
"LOS",2009,"F","Spawned"
"LOS",2009,"F","Spawned"
"LOS",2009,"F","Spawned"
"LOS",2009,"F","Spawned"
"LOS",2009,"F","Spawned"
"LOS",2009,"F","Spawned"
"LOS",2009,"F","Spawned"
"LOS",2009,"F","Spawned"
"LOS",2009,"F","PreSpawn"
"LOS",2009,"F","Spawned"
"LOS",2009,"F","Spawned"
"LOS",2009,"F","PreSpawn"
"LOS",2009,"F","Spawned"
"LOS",2009,"F","PreSpawn"
"LOS",2009,"F","Spawned"
"LOS",2009,"F","PreSpawn"
"LOS",2009,"F","Spawned"
"LOS",2009,"F","PreSpawn"
"LOS",2009,"F","PreSpawn"
"LOS",2009,"F","Spawned"
"LOS",2009,"F","Spawned"
"LOS",2009,"F","Spawned"
"LOS",2009,"F","Spawned"
"LOS",2009,"F","Spawned"
"LOS",2009,"F","PreSpawn"
"LOS",2009,"F","Spawned"
"LOS",2009,"F","Spawned"
"LOS",2009,"F","Spawned"
"LOS",2009,"F","Spawned"
"LOS",2009,"F","Spawned"
"LOS",2009,"F","Spawned"
"LOS",2009,"F","PreSpawn"
"LOS",2009,"F","Spawned"
"LOS",2009,"F","Spawned"
"LOS",2009,"F","PreSpawn"
"LOS",2009,"F","Spawned"
"LOS",2010,"F","PreSpawn"
"LOS",2010,"F","Spawned"
"LOS",2010,"F","Spawned"
"LOS",2010,"F","PreSpawn"
"LOS",2010,"F","Spawned"
"LOS",2010,"F","PreSpawn"
"LOS",2010,"F","PreSpawn"
"LOS",2010,"F","PreSpawn"
"LOS",2010,"F","Spawned"
"LOS",2010,"F","PreSpawn"
"LOS",2010,"F","PreSpawn"
"LOS",2010,"F","Spawned"
"LOS",2010,"F","PreSpawn"
"LOS",2010,"F","Spawned"
"LOS",2010,"F","Spawned"
"LOS",2010,"F","Spawned"
"LOS",2010,"F","Spawned"
"LOS",2010,"F","Spawned"
"LOS",2010,"F","Spawned"
"LOS",2010,"F","Spawned"
"LOS",2010,"F","PreSpawn"
"LOS",2010,"F","Spawned"
"LOS",2010,"F","PreSpawn"
"LOS",2010,"F","Spawned"
"LOS",2010,"F","PreSpawn"
"LOS",2010,"F","Spawned"
"LOS",2010,"F","Spawned"
"LOS",2010,"F","PreSpawn"
"LOS",2010,"F","Spawned"
"LOS",2010,"F","Spawned"
"LOS",2010,"F","Spawned"
"LOS",2010,"F","Spawned"
"LOS",2010,"F","Spawned"
"LOS",2010,"F","PreSpawn"
"LOS",2010,"F","PreSpawn"
"LOS",2010,"F","Spawned"
"LOS",2010,"F","Spawned"
"LOS",2010,"F","PreSpawn"
"LOS",2010,"F","Spawned"
"LOS",2010,"F","Spawned"
"LOS",2010,"F","Spawned"
"LOS",2010,"F","Spawned"
"LOS",2010,"F","Spawned"
"LOS",2010,"F","PreSpawn"
"LOS",2010,"F","PreSpawn"
"LOS",2010,"F","PreSpawn"
"LOS",2010,"F","Spawned"
"LOS",2010,"F","PreSpawn"
"LOS",2010,"F","PreSpawn"
"LOS",2010,"F","Spawned"
"LOS",2010,"F","PreSpawn"
"LOS",2010,"F","PreSpawn"
"LOS",2010,"F","Spawned"
"LOS",2010,"F","Spawned"
"LOS",2010,"F","Spawned"
"LOS",2010,"F","PreSpawn"
"LOS",2010,"F","PreSpawn"
"LOS",2010,"F","PreSpawn"
"LOS",2010,"F","PreSpawn"
"LOS",2010,"F","PreSpawn"
"LOS",2010,"F","PreSpawn"
"LOS",2010,"F","Spawned"
"LOS",2010,"F","Spawned"
"LOS",2010,"F","Spawned"
"LOS",2010,"F","PreSpawn"
"LOS",2010,"F","PreSpawn"
"LOS",2010,"F","Spawned"
"LOS",2010,"F","PreSpawn"
"LOS",2010,"F","PreSpawn"
"LOS",2010,"F","PreSpawn"
"LOS",2010,"F","PreSpawn"
"LOS",2010,"F","PreSpawn"
"LOS",2011,"F","Spawned"
"LOS",2011,"F","Spawned"
"LOS",2011,"F","Spawned"
"LOS",2011,"F","Spawned"
"LOS",2011,"F","Spawned"
"LOS",2011,"F","Spawned"
"LOS",2011,"F","Spawned"
"LOS",2011,"F","Spawned"
"LOS",2011,"F","Spawned"
"LOS",2011,"F","Spawned"
"LOS",2011,"F","Spawned"
"LOS",2011,"F","Spawned"
"LOS",2011,"F","Spawned"
"LOS",2011,"F","Spawned"
"LOS",2011,"F","Spawned"
"LOS",2011,"F","Spawned"
"LOS",2011,"F","Spawned"
"LOS",2011,"F","Spawned"
"LOS",2011,"F","Spawned"
"LOS",2011,"F","Spawned"
"LOS",2011,"F","Spawned"
"LOS",2011,"F","Spawned"
"LOS",2011,"F","PreSpawn"
"LOS",2011,"F","Spawned"
"LOS",2011,"F","Spawned"
"LOS",2011,"F","Spawned"
"LOS",2011,"F","Spawned"
"LOS",2011,"F","Spawned"
"LOS",2011,"F","Spawned"
"LOS",2011,"F","Spawned"
"LOS",2011,"F","Spawned"
"LOS",2011,"F","Spawned"
"LOS",2011,"F","PreSpawn"
"LOS",2011,"F","Spawned"
"LOS",2011,"F","Spawned"
"LOS",2011,"F","Spawned"
"LOS",2011,"F","Spawned"
"LOS",2011,"F","Spawned"
"LOS",2011,"F","Spawned"
"LOS",2011,"F","Spawned"
"LOS",2011,"F","Spawned"
"LOS",2011,"F","Spawned"
"LOS",2011,"F","Spawned"
"LOS",2011,"F","Spawned"
"LOS",2011,"F","Spawned"
"LOS",2011,"F","PreSpawn"
"LOS",2011,"F","Spawned"
"LOS",2011,"F","Spawned"
"LOS",2011,"F","Spawned"
"LOS",2011,"F","Spawned"
"LOS",2011,"F","Spawned"
"LOS",2011,"F","Spawned"
"LOS",2011,"F","Spawned"
"LOS",2011,"F","Spawned"
"LOS",2011,"F","PreSpawn"
"LOS",2011,"F","Spawned"
"LOS",2011,"F","Spawned"
"LOS",2011,"F","Spawned"
"LOS",2011,"F","Spawned"
"LOS",2011,"F","Spawned"
"LOS",2011,"F","Spawned"
"LOS",2011,"F","Spawned"
"LOS",2011,"F","Spawned"
"LOS",2011,"F","Spawned"
"LOS",2011,"F","Spawned"
"LOS",2011,"F","Spawned"
"LOS",2011,"F","PreSpawn"
"LOS",2011,"F","Spawned"
"LOS",2011,"F","Spawned"
"LOS",2011,"F","Spawned"
"LOS",2011,"F","Spawned"
"LOS",2011,"F","Spawned"
"LOS",2011,"F","Spawned"
"LOS",2011,"F","Spawned"
"LOS",2011,"F","Spawned"
"LOS",2011,"F","Spawned"
"LOS",2011,"F","PreSpawn"
"LOS",2011,"F","Spawned"
"LOS",2011,"F","Spawned"
"LOS",2011,"F","Spawned"
"LOS",2011,"F","Spawned"
"LOS",2011,"F","Spawned"
"LOS",2011,"F","Spawned"
"LOS",2011,"F","Spawned"
"LOS",2011,"F","Spawned"
"LOS",2011,"F","Spawned"
"LOS",2011,"F","Spawned"
"LOS",2011,"F","Spawned"
"LOS",2011,"F","Spawned"
"LOS",2011,"F","Spawned"
"LOS",2011,"F","Spawned"
"LOS",2011,"F","Spawned"
"LOS",2011,"F","Spawned"
"LOS",2011,"F","Spawned"
"LOS",2011,"F","Spawned"
"LOS",2011,"F","Spawned"
"LOS",2011,"F","Spawned"
"LOS",2011,"F","Spawned"
"LOS",2011,"F","Spawned"
"LOS",2011,"F","Spawned"
"LOS",2011,"F","Spawned"
"LOS",2011,"F","Spawned"
"LOS",2011,"F","Spawned"
"LOS",2011,"F","Spawned"
"LOS",2011,"F","Spawned"
"LOS",2011,"F","PreSpawn"
"LOS",2011,"F","Spawned"
"LOS",2011,"F","Spawned"
"LOS",2011,"F","PreSpawn"
"LOS",2011,"F","PreSpawn"
"LOS",2011,"F","PreSpawn"
"LOS",2011,"F","PreSpawn"
"LOS",2011,"F","PreSpawn"
"LOS",2011,"F","PreSpawn"
"LOS",2011,"F","PreSpawn"
"LOS",2011,"F","PreSpawn"
"LOS",2011,"F","PreSpawn"
"LOS",2011,"F","PreSpawn"
"LOS",2011,"F","PreSpawn"
"LOS",2011,"F","PreSpawn"
"LOS",2012,"F","PreSpawn"
"LOS",2012,"F","Spawned"
"LOS",2012,"F","Spawned"
"LOS",2012,"F","Spawned"
"LOS",2012,"F","Spawned"
"LOS",2012,"F","PreSpawn"
"LOS",2012,"F","Spawned"
"LOS",2012,"F","Spawned"
"LOS",2012,"F","Spawned"
"LOS",2012,"F","PreSpawn"
"LOS",2012,"F","PreSpawn"
"LOS",2012,"F","Spawned"
"LOS",2012,"F","Spawned"
"LOS",2012,"F","PreSpawn"
"LOS",2012,"F","Spawned"
"LOS",2012,"F","PreSpawn"
"LOS",2012,"F","PreSpawn"
"LOS",2012,"F","PreSpawn"
"LOS",2012,"F","Spawned"
"LOS",2012,"F","Spawned"
"LOS",2012,"F","Spawned"
"LOS",2012,"F","PreSpawn"
"LOS",2012,"F","PreSpawn"
"LOS",2012,"F","PreSpawn"
"LOS",2012,"F","Spawned"
"LOS",2012,"F","Spawned"
"LOS",2012,"F","PreSpawn"
"LOS",2012,"F","Spawned"
"LOS",2012,"F","Spawned"
"LOS",2012,"F","Spawned"
"LOS",2012,"F","Spawned"
"LOS",2012,"F","Spawned"
"LOS",2012,"F","Spawned"
"LOS",2012,"F","PreSpawn"
"LOS",2012,"F","Spawned"
"LOS",2012,"F","Spawned"
"LOS",2012,"F","PreSpawn"
"LOS",2012,"F","Spawned"
"LOS",2012,"F","Spawned"
"LOS",2012,"F","PreSpawn"
"LOS",2012,"F","Spawned"
"LOS",2012,"F","Spawned"
"LOS",2012,"F","PreSpawn"
"LOS",2012,"F","Spawned"
"LOS",2012,"F","Spawned"
"LOS",2012,"F","Spawned"
"LOS",2012,"F","Spawned"
"LOS",2012,"F","Spawned"
"LOS",2012,"F","Spawned"
"LOS",2012,"F","Spawned"
"LOS",2012,"F","Spawned"
"LOS",2012,"F","Spawned"
"LOS",2012,"F","Spawned"
"LOS",2012,"F","Spawned"
"LOS",2012,"F","Spawned"
"LOS",2012,"F","Spawned"
"LOS",2012,"F","Spawned"
"LOS",2012,"F","Spawned"
"LOS",2012,"F","Spawned"
"LOS",2012,"F","Spawned"
"LOS",2012,"F","Spawned"
"LOS",2012,"F","Spawned"
"LOS",2012,"F","Spawned"
"LOS",2012,"F","Spawned"
"LOS",2012,"F","Spawned"
"LOS",2012,"F","Spawned"
"LOS",2012,"F","Spawned"
"LOS",2012,"F","Spawned"
"LOS",2012,"F","PreSpawn"
"LOS",2012,"F","Spawned"
"LOS",2012,"F","Spawned"
"LOS",2012,"F","Spawned"
"LOS",2012,"F","Spawned"
"LOS",2012,"F","Spawned"
"LOS",2012,"F","PreSpawn"
"LOS",2012,"F","Spawned"
"LOS",2012,"F","Spawned"
"LOS",2012,"F","Spawned"
"LOS",2012,"F","Spawned"
"LOS",2012,"F","PreSpawn"
"LOS",2012,"F","PreSpawn"
"LOS",2012,"F","Spawned"
"LOS",2012,"F","Spawned"
"LOS",2012,"F","Spawned"
"LOS",2012,"F","Spawned"
"LOS",2012,"F","Spawned"
"LOS",2012,"F","Spawned"
"LOS",2012,"F","Spawned"
"LOS",2012,"F","Spawned"
"LOS",2012,"F","Spawned"
"LOS",2012,"F","Spawned"
"LOS",2012,"F","Spawned"
"LOS",2012,"F","Spawned"
"LOS",2012,"F","Spawned"
"LOS",2012,"F","Spawned"
"LOS",2012,"F","Spawned"
"LOS",2012,"F","Spawned"
"LOS",2012,"F","Spawned"
"LOS",2012,"F","Spawned"
"LOS",2012,"F","Spawned"
"LOS",2012,"F","Spawned"
"LOS",2012,"F","Spawned"
"LOS",2012,"F","Spawned"
"LOS",2012,"F","PreSpawn"
"LOS",2012,"F","Spawned"
"LOS",2012,"F","Spawned"
"LOS",2012,"F","Spawned"
"LOS",2012,"F","Spawned"
"LOS",2012,"F","Spawned"
"LOS",2012,"F","Spawned"
"LOS",2012,"F","Spawned"
"LOS",2012,"F","PreSpawn"
"LOS",2012,"F","Spawned"
"LOS",2012,"F","Spawned"
"LOS",2012,"F","Spawned"
"LOS",2012,"F","Spawned"
"LOS",2012,"F","Spawned"
"LOS",2012,"F","PreSpawn"
"LOS",2012,"F","Spawned"
"LOS",2012,"F","Spawned"
"LOS",2012,"F","Spawned"
"LOS",2012,"F","Spawned"
"LOS",2012,"F","Spawned"
"LOS",2012,"F","Spawned"
"LOS",2012,"F","Spawned"
"LOS",2012,"F","Spawned"
"LOS",2012,"F","Spawned"
"LOS",2012,"F","Spawned"
"LOS",2012,"F","Spawned"
"LOS",2012,"F","Spawned"
"LOS",2012,"F","Spawned"
"LOS",2012,"F","PreSpawn"
"LOS",2012,"F","Spawned"
"LOS",2012,"F","Spawned"
"LOS",2012,"F","Spawned"
"LOS",2012,"F","Spawned"
"LOS",2012,"F","Spawned"
"LOS",2012,"F","Spawned"
"LOS",2012,"F","Spawned"
"LOS",2012,"F","Spawned"
"LOS",2012,"F","Spawned"
"LOS",2012,"F","PreSpawn"
"LOS",2012,"F","Spawned"
"LOS",2012,"F","PreSpawn"
"LOS",2012,"F","PreSpawn"
"LOS",2012,"F","PreSpawn"
"LOS",2012,"F","PreSpawn"
"LOS",2012,"F","PreSpawn"
"LOS",2012,"F","PreSpawn"
"LOS",2012,"F","PreSpawn"
"LOS",2012,"F","PreSpawn"
"LOS",2012,"F","PreSpawn"
"LOS",2012,"F","PreSpawn"
"LOS",2012,"F","PreSpawn"
"LOS",2013,"F","Spawned"
"LOS",2013,"F","Spawned"
"LOS",2013,"F","PreSpawn"
"LOS",2013,"F","Spawned"
"LOS",2013,"F","Spawned"
"LOS",2013,"F","PreSpawn"
"LOS",2013,"F","Spawned"
"LOS",2013,"F","PreSpawn"
"LOS",2013,"F","Spawned"
"LOS",2013,"F","Spawned"
"LOS",2013,"F","Spawned"
"LOS",2013,"F","Spawned"
"LOS",2013,"F","Spawned"
"LOS",2013,"F","Spawned"
"LOS",2013,"F","Spawned"
"LOS",2013,"F","Spawned"
"LOS",2013,"F","Spawned"
"LOS",2013,"F","Spawned"
"LOS",2014,"F","PreSpawn"
"LOS",2014,"F","Spawned"
"LOS",2014,"F","PreSpawn"
"LOS",2014,"F","PreSpawn"
"LOS",2014,"F","Spawned"
"LOS",2014,"F","Spawned"
"LOS",2014,"F","Spawned"
"LOS",2014,"F","Spawned"
"LOS",2014,"F","Spawned"
"LOS",2014,"F","Spawned"
"LOS",2014,"F","Spawned"
"LOS",2014,"F","Spawned"
"LOS",2014,"F","Spawned"
"LOS",2014,"F","Spawned"
"LOS",2014,"F","PreSpawn"
"LOS",2014,"F","Spawned"
"LOS",2014,"F","Spawned"
"LOS",2014,"F","Spawned"
"LOS",2014,"F","PreSpawn"
"LOS",2014,"F","Spawned"
"LOS",2014,"F","Spawned"
"LOS",2014,"F","Spawned"
"LOS",2014,"F","Spawned"
"LOS",2014,"F","Spawned"
"LOS",2014,"F","Spawned"
"LOS",2014,"F","Spawned"
"LOS",2014,"F","PreSpawn"
"LOS",2014,"F","Spawned"
"LOS",2014,"F","Spawned"
"LOS",2014,"F","PreSpawn"
"LOS",2014,"F","PreSpawn"
"LOS",2014,"F","Spawned"
"LOS",2014,"F","Spawned"
"LOS",2014,"F","Spawned"
"LOS",2014,"F","Spawned"
"LOS",2014,"F","Spawned"
"LOS",2014,"F","Spawned"
"LOS",2014,"F","Spawned"
"LOS",2014,"F","Spawned"
"LOS",2014,"F","Spawned"
"LOS",2014,"F","PreSpawn"
"LOS",2014,"F","Spawned"
"LOS",2014,"F","Spawned"
"LOS",2014,"F","Spawned"
"LOS",2014,"F","PreSpawn"
"LOS",2014,"F","PreSpawn"
"LOS",2014,"F","Spawned"
"LOS",2014,"F","Spawned"
"LOS",2014,"F","Spawned"
"LOS",2014,"F","Spawned"
"LOS",2014,"F","Spawned"
"LOS",2014,"F","PreSpawn"
"LOS",2014,"F","PreSpawn"
"LOS",2014,"F","Spawned"
"LOS",2014,"F","Spawned"
"LOS",2014,"F","Spawned"
"LOS",2014,"F","Spawned"
"LOS",2014,"F","Spawned"
"LOS",2014,"F","Spawned"
"LOS",2014,"F","Spawned"
"LOS",2014,"F","Spawned"
"LOS",2014,"F","Spawned"
"LOS",2014,"F","Spawned"
"LOS",2014,"F","Spawned"
"LOS",2014,"F","Spawned"
"LOS",2014,"F","Spawned"
"LOS",2014,"F","PreSpawn"
"LOS",2014,"F","Spawned"
"LOS",2014,"F","PreSpawn"
"LOS",2014,"F","Spawned"
"LOS",2014,"F","Spawned"
"LOS",2014,"F","Spawned"
"LOS",2014,"F","Spawned"
"LOS",2014,"F","Spawned"
"LOS",2014,"F","Spawned"
"LOS",2014,"F","Spawned"
"LOS",2014,"F","Spawned"
"LOS",2014,"F","Spawned"
"LOS",2014,"F","Spawned"
"LOS",2014,"F","Spawned"
"LOS",2014,"F","Spawned"
"LOS",2014,"F","Spawned"
"LOS",2014,"F","Spawned"
"LOS",2014,"F","Spawned"
"LOS",2014,"F","Spawned"
"LOS",2014,"F","Spawned"
"LOS",2014,"F","Spawned"
"LOS",2014,"F","Spawned"
"LOS",2014,"F","Spawned"
"LOS",2014,"F","Spawned"
"LOS",2014,"F","Spawned"
"LOS",2014,"F","Spawned"
"LOS",2014,"F","Spawned"
"LOS",2014,"F","Spawned"
"LOS",2014,"F","Spawned"
"LOS",2014,"F","PreSpawn"
"LOS",2014,"F","Spawned"
"LOS",2014,"F","Spawned"
"LOS",2014,"F","Spawned"
"LOS",2014,"F","Spawned"
"LOS",2014,"F","Spawned"
"LOS",2014,"F","PreSpawn"
"LOS",2014,"F","Spawned"
"LOS",2014,"F","Spawned"
"LOS",2014,"F","Spawned"
"LOS",2014,"F","PreSpawn"
"LOS",2014,"F","PreSpawn"
"LOS",2015,"F","Spawned"
"LOS",2015,"F","Spawned"
"LOS",2015,"F","Spawned"
"LOS",2015,"F","Spawned"
"LOS",2015,"F","Spawned"
"LOS",2015,"F","Spawned"
"LOS",2015,"F","Spawned"
"LOS",2015,"F","Spawned"
"LOS",2015,"F","Spawned"
"LOS",2015,"F","Spawned"
"LOS",2015,"F","PreSpawn"
"LOS",2015,"F","Spawned"
"LOS",2015,"F","Spawned"
"LOS",2015,"F","Spawned"
"LOS",2015,"F","PreSpawn"
"LOS",2015,"F","Spawned"
"LOS",2015,"F","Spawned"
"LOS",2015,"F","Spawned"
"LOS",2015,"F","Spawned"
"LOS",2015,"F","Spawned"
"LOS",2015,"F","PreSpawn"
"LOS",2015,"F","Spawned"
"LOS",2015,"F","Spawned"
"LOS",2015,"F","Spawned"
"LOS",2015,"F","Spawned"
"LOS",2015,"F","PreSpawn"
"LOS",2015,"F","Spawned"
"LOS",2015,"F","Spawned"
"LOS",2015,"F","PreSpawn"
"LOS",2015,"F","PreSpawn"
"LOS",2015,"F","Spawned"
"LOS",2015,"F","Spawned"
"LOS",2015,"F","Spawned"
"LOS",2015,"F","Spawned"
"LOS",2015,"F","Spawned"
"LOS",2015,"F","Spawned"
"LOS",2015,"F","Spawned"
"LOS",2015,"F","Spawned"
"LOS",2015,"F","Spawned"
"LOS",2015,"F","Spawned"
"LOS",2015,"F","Spawned"
"LOS",2015,"F","Spawned"
"LOS",2015,"F","Spawned"
"LOS",2015,"F","Spawned"
"LOS",2015,"F","PreSpawn"
"LOS",2015,"F","Spawned"
"LOS",2015,"F","Spawned"
"LOS",2015,"F","PreSpawn"
"LOS",2015,"F","Spawned"
"LOS",2015,"F","Spawned"
"LOS",2015,"F","Spawned"
"LOS",2015,"F","Spawned"
"LOS",2015,"F","Spawned"
"LOS",2015,"F","Spawned"
"LOS",2015,"F","Spawned"
"LOS",2015,"F","PreSpawn"
"LOS",2015,"F","PreSpawn"
"LOS",2015,"F","PreSpawn"
"LOS",2015,"F","PreSpawn"
"LOS",2015,"F","PreSpawn"
"LOS",2015,"F","PreSpawn"
"LOS",2015,"F","PreSpawn"
"LOS",2015,"F","PreSpawn"
"LOS",2015,"F","PreSpawn"
"LOS",2015,"F","Spawned"
"LOS",2015,"F","PreSpawn"
"LOS",2015,"F","PreSpawn"
"LOS",2015,"F","PreSpawn"
"LOS",2015,"F","PreSpawn"
"LOS",2015,"F","Spawned"
"LOS",2015,"F","Spawned"
"LOS",2015,"F","Spawned"
"LOS",2015,"F","Spawned"
"LOS",2015,"F","Spawned"
"LOS",2015,"F","Spawned"
"LOS",2015,"F","Spawned"
"LOS",2015,"F","Spawned"
"LOS",2015,"F","Spawned"
"LOS",2015,"F","Spawned"
"LOS",2015,"F","Spawned"
"LOS",2015,"F","Spawned"
"LOS",2015,"F","Spawned"
"LOS",2015,"F","Spawned"
"LOS",2015,"F","Spawned"
"LOS",2015,"F","Spawned"
"LOS",2015,"F","Spawned"
"LOS",2015,"F","Spawned"
"LOS",2015,"F","Spawned"
"LOS",2015,"F","Spawned"
"LOS",2015,"F","Spawned"
"LOS",2015,"F","Spawned"
"LOS",2015,"F","Spawned"
"LOS",2015,"F","PreSpawn"
"LOS",2015,"F","Spawned"
"LOS",2015,"F","Spawned"
"LOS",2015,"F","PreSpawn"
"LOS",2015,"F","Spawned"
"LOS",2015,"F","Spawned"
"LOS",2015,"F","PreSpawn"
"LOS",2015,"F","Spawned"
"LOS",2015,"F","Spawned"
"LOS",2015,"F","Spawned"
"LOS",2015,"F","PreSpawn"
"LOS",2015,"F","PreSpawn"
"LOS",2015,"F","Spawned"
"LOS",2015,"F","PreSpawn"
"LOS",2015,"F","PreSpawn"
"LOS",2015,"F","PreSpawn"
"LOS",2015,"F","Spawned"
"LOS",2016,"F","PreSpawn"
"LOS",2016,"F","PreSpawn"
"LOS",2016,"F","Spawned"
"LOS",2016,"F","PreSpawn"
"LOS",2016,"F","PreSpawn"
"LOS",2016,"F","Spawned"
"LOS",2016,"F","PreSpawn"
"LOS",2016,"F","PreSpawn"
"LOS",2016,"F","PreSpawn"
"LOS",2016,"F","PreSpawn"
"LOS",2016,"F","Spawned"
"LOS",2016,"F","Spawned"
"LOS",2016,"F","Spawned"
"LOS",2016,"F","Spawned"
"LOS",2016,"F","Spawned"
"LOS",2016,"F","PreSpawn"
"LOS",2016,"F","PreSpawn"
"LOS",2016,"F","Spawned"
"LOS",2016,"F","Spawned"
"LOS",2016,"F","Spawned"
"LOS",2016,"F","Spawned"
"LOS",2016,"F","Spawned"
"LOS",2016,"F","Spawned"
"LOS",2016,"F","PreSpawn"
"LOS",2016,"F","PreSpawn"
"LOS",2016,"F","Spawned"
"LOS",2016,"F","Spawned"
"LOS",2016,"F","Spawned"
"LOS",2016,"F","Spawned"
"LOS",2016,"F","Spawned"
"LOS",2016,"F","Spawned"
"LOS",2016,"F","PreSpawn"
"LOS",2016,"F","Spawned"
"LOS",2016,"F","Spawned"
"LOS",2016,"F","Spawned"
"LOS",2016,"F","Spawned"
"LOS",2016,"F","Spawned"
"LOS",2016,"F","Spawned"
"LOS",2016,"F","PreSpawn"
"LOS",2016,"F","PreSpawn"
"LOS",2016,"F","Spawned"
"LOS",2016,"F","Spawned"
"LOS",2016,"F","Spawned"
"LOS",2016,"F","PreSpawn"
"LOS",2016,"F","Spawned"
"LOS",2016,"F","PreSpawn"
"LOS",2016,"F","Spawned"
"LOS",2016,"F","Spawned"
"LOS",2016,"F","Spawned"
"LOS",2016,"F","Spawned"
"LOS",2016,"F","Spawned"
"LOS",2016,"F","PreSpawn"
"LOS",2016,"F","Spawned"
"LOS",2016,"F","Spawned"
"LOS",2016,"F","Spawned"
"LOS",2016,"F","PreSpawn"
"LOS",2016,"F","Spawned"
"LOS",2016,"F","PreSpawn"
"LOS",2016,"F","Spawned"
"LOS",2016,"F","Spawned"
"LOS",2016,"F","Spawned"
"LOS",2016,"F","Spawned"
"LOS",2016,"F","Spawned"
"LOS",2016,"F","Spawned"
"LOS",2016,"F","Spawned"
"LOS",2016,"F","PreSpawn"
"LOS",2016,"F","PreSpawn"
"LOS",2016,"F","PreSpawn"
"LOS",2016,"F","Spawned"
"LOS",2016,"F","Spawned"
"LOS",2016,"F","Spawned"
"LOS",2016,"F","Spawned"
"LOS",2016,"F","Spawned"
"LOS",2016,"F","PreSpawn"
"LOS",2016,"F","Spawned"
"LOS",2016,"F","Spawned"
"LOS",2016,"F","Spawned"
"LOS",2016,"F","Spawned"
"LOS",2016,"F","Spawned"
"LOS",2016,"F","Spawned"
"LOS",2016,"F","Spawned"
"LOS",2016,"F","Spawned"
"LOS",2016,"F","Spawned"
"LOS",2016,"F","PreSpawn"
"LOS",2016,"F","Spawned"
"LOS",2016,"F","Spawned"
"LOS",2016,"F","PreSpawn"
"LOS",2016,"F","PreSpawn"
"LOS",2016,"F","Spawned"
"LOS",2016,"F","Spawned"
"LOS",2016,"F","Spawned"
"LOS",2016,"F","Spawned"
"LOS",2016,"F","Spawned"
"LOS",2016,"F","PreSpawn"
"LOS",2016,"F","PreSpawn"
"LOS",2016,"F","Spawned"
"LOS",2016,"F","Spawned"
"LOS",2016,"F","PreSpawn"
"LOS",2016,"F","PreSpawn"
"LOS",2016,"F","PreSpawn"
"LOS",2016,"F","PreSpawn"
"LOS",2016,"F","PreSpawn"
"LOS",2016,"F","PreSpawn"
"LOS",2016,"F","Spawned"
"LOS",2016,"F","PreSpawn"
"LOS",2016,"F","PreSpawn"
"LOS",2016,"F","Spawned"
"LOS",2016,"F","PreSpawn"
"LOS",2016,"F","Spawned"
"LOS",2016,"F","Spawned"
"LOS",2016,"F","Spawned"
"LOS",2016,"F","PreSpawn"
"LOS",2016,"F","PreSpawn"
"LOS",2016,"F","PreSpawn"
"LOS",2016,"F","PreSpawn"
"LOS",2016,"F","PreSpawn"
"LOS",2016,"F","PreSpawn"
"LOS",2016,"F","PreSpawn"
"LOS",2016,"F","PreSpawn"
"LOS",2016,"F","PreSpawn"
"LOS",2016,"F","PreSpawn"
"LOS",2016,"F","PreSpawn"
"LOS",2017,"F","Spawned"
"LOS",2017,"F","PreSpawn"
"LOS",2017,"F","Spawned"
"LOS",2017,"F","Spawned"
"LOS",2017,"F","Spawned"
"LOS",2017,"F","Spawned"
"LOS",2017,"F","PreSpawn"
"LOS",2017,"F","Spawned"
"LOS",2017,"F","PreSpawn"
"LOS",2017,"F","Spawned"
"LOS",2017,"F","Spawned"
"LOS",2017,"F","Spawned"
"LOS",2017,"F","Spawned"
"LOS",2017,"F","PreSpawn"
"LOS",2017,"F","PreSpawn"
"LOS",2017,"F","PreSpawn"
"LOS",2017,"F","PreSpawn"
"LOS",2018,"F","Spawned"
"LOS",2018,"F","Spawned"
"LOS",2018,"F","PreSpawn"
"LOS",2018,"F","Spawned"
"LOS",2018,"F","PreSpawn"
"LOS",2018,"F","Spawned"
"LOS",2018,"F","Spawned"
"LOS",2018,"F","Spawned"
"LOS",2018,"F","Spawned"
"LOS",2018,"F","PreSpawn"
"LOS",2018,"F","Spawned"
"LOS",2018,"F","Spawned"
"LOS",2018,"F","Spawned"
"LOS",2018,"F","Spawned"
"LOS",2018,"F","Spawned"
"LOS",2018,"F","Spawned"
"LOS",2018,"F","Spawned"
"LOS",2018,"F","PreSpawn"
"LOS",2018,"F","PreSpawn"
"LOS",2019,"F","Spawned"
"LOS",2019,"F","Spawned"
"LOS",2019,"F","Spawned"
"LOS",2019,"F","Spawned"
"LOS",2019,"F","Spawned"
"LOS",2019,"F","Spawned"
"LOS",2019,"F","Spawned"
"LOS",2019,"F","Spawned"
"LOS",2019,"F","Spawned"
"LOS",2019,"F","Spawned"
"LOS",2019,"F","Spawned"
"LOS",2019,"F","Spawned"
"LOS",2019,"F","Spawned"
"LOS",2019,"F","Spawned"
"LOS",2019,"F","PreSpawn"
"LOS",2019,"F","Spawned"
"LOS",2019,"F","Spawned"
"LOS",2019,"F","PreSpawn"
"LOS",2019,"F","PreSpawn"
"LOS",2020,"F","Spawned"
"LOS",2020,"F","Spawned"
"LOS",2020,"F","Spawned"
"LOS",2020,"F","PreSpawn"
"LOS",2020,"F","PreSpawn"
"LOS",2020,"F","Spawned"
"LOS",2020,"F","Spawned"
"LOS",2020,"F","Spawned"
"LOS",2020,"F","Spawned"
"LOS",2020,"F","Spawned"
"LOS",2020,"F","Spawned"
"LOS",2020,"F","Spawned"
"LOS",2020,"F","PreSpawn"
"LOS",2020,"F","Spawned"
"LOS",2020,"F","Spawned"
"LOS",2020,"F","Spawned"
"LOS",2020,"F","Spawned"
"LOS",2020,"F","Spawned"
"LOS",2020,"F","Spawned"
"LOS",2020,"F","Spawned"
"LOS",2020,"F","Spawned"
"LOS",2020,"F","PreSpawn"
"LOS",2020,"F","PreSpawn"
"LOS",2020,"F","PreSpawn"
"LOS",2020,"F","PreSpawn"
"LOS",2020,"F","PreSpawn"
"LOS",2020,"F","PreSpawn"
"LOS",2020,"F","PreSpawn"
"LOS",2021,"F","Spawned"
"LOS",2021,"F","Spawned"
"LOS",2021,"F","Spawned"
"LOS",2021,"F","Spawned"
"LOS",2021,"F","Spawned"
"LOS",2021,"F","Spawned"
"LOS",2021,"F","Spawned"
"LOS",2021,"F","Spawned"
"LOS",2021,"F","Spawned"
"LOS",2021,"F","Spawned"
"LOS",2021,"F","Spawned"
"LOS",2021,"F","Spawned"
"LOS",2022,"F","Spawned"
"LOS",2022,"F","Spawned"
"LOS",2022,"F","Spawned"
"LOS",2022,"F","Spawned"
"LOS",2022,"F","Spawned"
"LOS",2022,"F","Spawned"
"LOS",2022,"F","PreSpawn"
"LOS",2022,"F","PreSpawn"
"LOS",2022,"F","Spawned"
"LOS",2022,"F","Spawned"
"LOS",2022,"F","Spawned"
"LOS",2022,"F","Spawned"
"LOS",2022,"F","Spawned"
"LOS",2022,"F","Spawned"
"LOS",2022,"F","Spawned"
"LOS",2022,"F","Spawned"
"LOS",2022,"F","Spawned"
"LOS",2022,"F","Spawned"
"LOS",2022,"F","Spawned"
"LOS",2022,"F","Spawned"
"LOS",2022,"F","Spawned"
"LOS",2022,"F","Spawned"
"LOS",2022,"F","Spawned"
"LOS",2022,"F","Spawned"
"LOS",2022,"F","Spawned"
"LOS",2022,"F","Spawned"
"LOS",2022,"F","Spawned"
"LOS",2022,"F","Spawned"
"LOS",2022,"F","Spawned"
"LOS",2022,"F","Spawned"
"LOS",2022,"F","Spawned"
"LOS",2022,"F","PreSpawn"
"LOS",2022,"F","Spawned"
"LOS",2022,"F","Spawned"
"LOS",2022,"F","Spawned"
"LOS",2022,"F","PreSpawn"
"LOS",2022,"F","PreSpawn"
"LOS",2022,"F","Spawned"
"LOS",2022,"F","Spawned"
"LOS",2022,"F","Spawned"
"LOS",2022,"F","Spawned"
"LOS",2022,"F","Spawned"
